緯度,経度,名称,区分,番号,メモ
34.8629,138.3151,練習用地点 01-01,A区分,1,操作研修の練習用に作成した架空の地点です。
34.8629,138.3201,練習用地点 01-02,B区分,2,操作研修の練習用に作成した架空の地点です。
34.8629,138.3251,練習用地点 01-03,C区分,3,操作研修の練習用に作成した架空の地点です。
34.8629,138.3301,練習用地点 01-04,A区分,4,操作研修の練習用に作成した架空の地点です。
34.8669,138.3151,練習用地点 01-05,B区分,5,操作研修の練習用に作成した架空の地点です。
34.8669,138.3201,練習用地点 01-06,C区分,6,操作研修の練習用に作成した架空の地点です。
34.8669,138.3251,練習用地点 01-07,A区分,7,操作研修の練習用に作成した架空の地点です。
34.8669,138.3301,練習用地点 01-08,B区分,8,操作研修の練習用に作成した架空の地点です。
34.8709,138.3151,練習用地点 01-09,C区分,9,操作研修の練習用に作成した架空の地点です。
34.8709,138.3201,練習用地点 01-10,A区分,10,操作研修の練習用に作成した架空の地点です。
