全国地方公共団体コード,法人番号,ID,地方公共団体名,イベント名,言語コード,イベント通称,サブタイトル,イベント名_カナ,イベント名_英語,コンテンツURL,状態,キーワード,タグ,対象となる産業,開催パターン,開始日,終了日,開始時間,終了時間,開始日時特記事項,所要時間,掲載開始日,掲載終了日,概要,説明,サブイベント,イベント種類,料金(基本),料金(詳細),連絡先名称,連絡先電話番号,連絡先内線番号,主催者,共催団体,関連組織,対象者,対象者備考,場所名称,集合（受付）場所,所在地_全国地方公共団体コード,町字ID,所在地_連結表記,所在地_都道府県,所在地_市区町村,所在地_町字,所在地_番地以下,建物名等(方書),緯度,経度,アクセス方法,駐車場情報,駐車場料金,駐輪場情報,Web開催,Web開催URL,ツール・環境,定員,定員備考,料金種別,決済種別,外国語対応,外国語対応備考,開催条件,参加申込終了日,参加申込終了時間,参加申込方法,申込開始日,申込開始時刻,申込URL,URL,授乳室,おむつ替えコーナー,飲食可否,ベビーカー貸出,ベビーカー利用,画像,画像_ライセンス,備考,イベントジャンル
222127,1.00E+12,18268,焼津市,手話奉仕員養成講座【満員につき受付終了】,JA,,,,,https://www.city.yaizu.lg.jp/event/info-00016.html,,ろう者;言語;手話奉仕員養成講座,,,,2026/4/2,2027/3/18,0:00,0:00,,,2026/5/13,2029/5/13,,この講座は、聴覚障害者の生活及び関連する法律・制度についての理解と認識を深めるとともに、コミュニケーションにおいて活用できる基礎的な手話の技能を身につけることを目標とした講座です。（厚生労働省策定奉仕員養成カリキュラムに準じて実施）,,,,受講料は無料。,,,,,,,,,,,,,,,,,,,,,,,,,,,,,,,,,,,,,,,,,,,,,,,,,,
222127,1.00E+12,18269,焼津市,静岡県要約筆記者養成講座,JA,,,,,https://www.city.yaizu.lg.jp/event/info-00017.html,,要約筆記;要約;手書き;パソコン;文字通訳,,,,2026/5/17,2026/11/29,10:00,15:00,,,2026/3/1,2026/11/29,,聴覚障害者へのコミュニケーション支援としてその場の話を文字で伝える要約筆記者を養成する講座が、静岡県主催で開催されます。難聴者等の多様なニーズに対応できる要約筆記を行うに必要な知識や技術が習得できます。,,,,受講料は無料。,,,,,,,,,,,,,,,,,,,,,,,,,,,,,,,,,,,,,,,,,,,,,,,,,,
222127,1.00E+12,18314,焼津市,子育て教室,JA,,,,,https://www.city.yaizu.lg.jp/event/info-00024.html,,,,,,2026/5/28,2027/3/5,13:30,14:30,,,2026/4/1,2029/3/27,,小児科の医師による講話を聴くことができます。病気や事故の予防、予防接種など、日々の子育てに役立つ情報が満載です。また、子育て教室終了後、親子ふれあい広場体験ツアー（希望者のみ）を開催します。,,,,無料,焼津市こども家庭センター（健康づくり課母子保健担当）,054-627-4115,,,,,どなたでも,,焼津市役所アトレ庁舎1階,,,,静岡県焼津市本町5丁目6-1,,,,,,34.86329188,138.3204005,,,,,,,,,15組（申込順）,,,,,,,,,,,,,,,,,,,,,
222127,1.00E+12,18315,焼津市,離乳食教室,JA,,,,,https://www.city.yaizu.lg.jp/event/info-00025.html,,,,,,2026/2/6,2027/3/19,13:30,15:00,,,2026/2/2,2037/12/31,,管理栄養士による離乳食初期の講座とミニ実習を開催します。,,,,無料,こども家庭センター（健康づくり課）,054-627-4115,,,,,対象者検索対象外,,焼津市役所アトレ庁舎1階 ,,,,静岡県焼津市本町5丁目6-1,,,,,,34.86285767,138.3203419,,,,,,,,,10組（申込順）,,,,,,,,,,,,,,,,,,,,,
222127,1.00E+12,18770,焼津市,いちまるマルシェ,JA,,,,,https://www.city.yaizu.lg.jp/event/info-00073.html,,いちまる;マルシェ,,,,2026/9/5,2026/9/6,9:00,15:00,,,2026/8/27,2026/12/31,,いちまる商店にて、地元の作り手の想いが詰まったおいしいものを直接販売するマルシェが開催されます。,,,,,,,,,,,,,,,,,,,,,,,,,,,,,,,,,,,,,,,,,,,,,,,,,,,,,,
222127,1.00E+12,18775,焼津市,不動産鑑定士による不動産無料相談会,JA,,,,,https://www.city.yaizu.lg.jp/event/info-00074.html,,,,,,2026/10/2,2026/10/2,10:00,16:00,,,2026/8/12,2026/10/3,,地価公示、地価調査をはじめ、不動産の鑑定評価制度について広く知ってもらうため、県下3会場で不動産鑑定士による無料相談会を開催します。,,,,,公益社団法人静岡県不動産鑑定士協会,054-253-6715,,,,,どなたでも,,東部会場 沼津労政会館2階第2会議室（沼津市高島本町1ー3）,,,,,,,,,,,,,,,,,,,,,,,,,,,,,,,,,,,,,,,,,
222127,1.00E+12,18823,焼津市,陶芸・竹工芸合同作品展,JA,,,,,https://www.city.yaizu.lg.jp/event/info-togei-takekogei.html,,陶芸;竹工芸;作品;作品展,,,,2026/9/16,2026/9/20,13:00,12:00,,,2026/8/4,2029/8/4,,焼津市陶芸クラブ、竹工芸クラブが制作した作品の展示会を開催します。,,,,,,,,,,,,,,,,,,,,,,,,,,,,,,,,,,,,,,,,,,,,,,,,,,,,,,
222127,1.00E+12,18871,焼津市,パートタイム就職相談会,JA,,,,,https://www.city.yaizu.lg.jp/event/info-00082.html,,,,,,2026/9/7,2026/9/7,13:30,15:30,,,2026/9/2,2037/12/31,,パートタイム勤務の希望がある方を対象とした相談会です。,,,,,,,,,,,,,,,,,,,,,,,,,,,,,,,,,,,,,,,,,,,,,,,,,,,,,,
222127,1.00E+12,19019,焼津市,焼津駅前通り商店街小石川ナイトマルシェ,JA,,,,,https://www.city.yaizu.lg.jp/event/info-00109.html,,焼津駅前通り商店街;マルシェ;小石川,,,,2026/9/12,2026/9/12,16:00,19:00,,,2026/6/29,2026/9/13,,焼津駅前通り商店街（小石川めがね橋付近）で、小石川マルシェが開催されます。焼津市商店街連合会による出店や、音楽ステージが開催されます。ぜひ、焼津駅前通り商店街へお越しください。,,,,,,,,,,,,,,,,,,,,,,,,,,,,,,,,,,,,,,,,,,,,,,,,,,,,,,
222127,1.00E+12,19062,焼津市,はなまるきっずパーク,JA,,,,,https://www.city.yaizu.lg.jp/event/info-00116.html,,,,,,2026/9/27,2026/9/27,10:00,15:00,,,2026/7/15,2026/10/31,,ニジマスのつかみ取りをはじめ、楽しいイベント盛りだくさん。,,,,,,,,,,,,,,,,,,,,,,,,,,,,,,,,,,,,,,,,,,,,,,,,,,,,,,
222127,1.00E+12,19256,焼津市,やいづビーチクリーン大作戦,JA,,,,,https://www.city.yaizu.lg.jp/event/info-00175.html,,,,,,2026/11/22,2026/11/22,8:30,9:30,,,2026/9/1,2037/12/31,,焼津市では、焼津市まちをきれいにする運動推進協議会の趣旨に基づき、日頃より慣れ親しんでいる海岸線美化のための市内海岸の一斉清掃を行っています。,,,,,環境課,054-626-1130,,,,,どなたでも,,浜当目海岸、石津海岸公園付近の海岸、原浜児童遊園地付近の海岸、ディスカバリーパーク焼津付近の海岸、一色清掃工場付近の海岸、藤守浜スポーツ広場付近の海岸、下小杉第2町内会海岸地区グラウンド付近の海岸、高新田第2町内会多目的広場付近の海岸、吉永ふれあい広場付近の海岸、利右衛門、吉永放水門付近の海岸、旧大井川河口野鳥園付近の海岸,,,,浜当目、石津、田尻、一色、藤守、下小杉、高新田、吉永、利右衛門、飯淵,,,,,,,,,,,,,,,,,,,,,,,,,,,,,,,,,,,,,その他
222127,1.00E+12,19447,焼津市,健康見える化コーナーイベント！自律神経を整える体操,JA,,,,,https://www.city.yaizu.lg.jp/event/info-00215.html,,,,,,2026/9/15,2026/9/15,10:00,11:00,,,2026/7/15,2029/7/15,,大井川庁舎健康見える化コーナーで、毎年大好評の自律神経を整える体操を行います。楽しく体操をしながら、自律神経を整えて腸の動きを活発にしましょう！お土産もご用意しています。,,,,無料,健康づくり課,054-627-4111,,,,,どなたでも,,焼津市役所大井川庁舎1階健康見える化コーナー,,,,静岡県焼津市宗高900,,,,,,34.80399447,138.2844581,,,,,,,,,20人（申込順）,,,,,,,,2026年9月3日（木曜日）午前9時30分から電話か窓口で,,,,,,,,,,,,,健康・福祉
222127,1.00E+12,19542,焼津市,ウェルネスビジネスイノベーションセミナー,JA,,,,,https://www.city.yaizu.lg.jp/event/info-00235.html,,ウェルネス;セミナー,,,,2026/9/14,2026/9/14,13:30,16:30,,,2026/8/13,2026/9/19,,国内外のウェルネス市場の動向や地域・異業種連携の事例を紹介しながら、既存事業をウェルネスの視点で捉え直す方法を考えます。,,,,,,,,,,,,,,,,,,,,,,,,,,,,,,,,,,,,,,,,,,,,,,,,,,,,,,
222127,1.00E+12,19657,焼津市,【市制75周年】魚（とと）フェス～焼津超大漁祭～,JA,,,,,https://www.city.yaizu.lg.jp/event/totofes2026.html,,魚フェス;ととフェス;トトフェス;焼津イベント,,,,2026/11/14,2026/11/15,10:00,15:00,,,2026/7/17,2029/7/17,,「さかなのまち焼津」の食や漁業、水産文化等の魅力を広く発信するイベント「魚（とと）フェス～焼津超大漁祭～」を開催します。,,,,,,,,,,,,,,,,,,,,,,,,,,,,,,,,,,,,,,,,,,,,,,,,,,,,,,
222127,1.00E+12,19659,焼津市,令和8年度和田ぴよぴよこっこの会,JA,,,,,https://www.city.yaizu.lg.jp/event/info-00254.html,,,,,,2026/5/14,2027/3/11,10:00,11:30,,,2026/4/7,2037/12/31,,月に一度（原則第2木曜日）、和田地域交流センターふれあいルームで出張相談会を行っています。,,,,,,,,,,,,,,,,,,,,,,,,,,,,,,,,,,,,,,,,,,,,,,,,,,,,,,
222127,1.00E+12,19662,焼津市,令和8年度大富ぴよぴよこっこの会,JA,,,,,https://www.city.yaizu.lg.jp/event/info-00255.html,,,,,,2026/5/22,2027/3/26,10:00,11:30,,,2026/4/7,2037/12/31,,月に一度（原則第4金曜日）、大富地域交流センター和室で出張相談会を行っています。,,,,,,,,,,,,,,,,,,,,,,,,,,,,,,,,,,,,,,,,,,,,,,,,,,,,,,
222127,1.00E+12,19663,焼津市,双子・三つ子の会,JA,,,,,https://www.city.yaizu.lg.jp/event/info-00256.html,,,,,,2026/8/5,2027/3/10,0:00,0:00,,,2026/7/16,2029/7/16,,月に一度、総合福祉会館2階大広間で、「双子・三つ子の会」を行っています。,,,,,,,,,,,,,,,,,,,,,,,,,,,,,,,,,,,,,,,,,,,,,,,,,,,,,,
222127,1.00E+12,19670,焼津市,令和8年度リトル赤ちゃんの会（第3期）,JA,,,,,https://www.city.yaizu.lg.jp/event/info-00258.html,,,,,,2026/8/24,2026/9/11,10:00,11:30,,,2026/3/6,2029/3/2,,子育てをしていく中で感じる疑問や不安を話したり、これからの子育てに必要な知識を一緒に学んだりしませんか？,,,,,,,,,,,,,,,,,,,,,,,,,,,,,,,,,,,,,,,,,,,,,,,,,,,,,,
222127,1.00E+12,19786,焼津市,ガーデンパーティー&マルシェGOAT,JA,,,,,https://www.city.yaizu.lg.jp/event/info-00283.html,,マルシェ;ガーデン;焼津;PORTERS;GOAT,,,,2026/9/27,2026/9/27,10:00,15:00,,,2026/8/28,2029/8/28,,「穏やかで人のやさしさを感じる最高なガーデンパーティーとマルシェ空間で素敵なひとときを。」をコンセプトに、地元や静岡県内のおいしいものや素敵な雑貨など様々な出店とライブペイントでアートを楽しんでいただくとともに、人と人とがつながるパーティー空間で、誰もが幸せな時間を過ごしていただきます。,,,,,,,,,,,,,,,,,,,,,,,,,,,,,,,,,,,,,,,,,,,,,,,,,,,,,,
222127,1.00E+12,19825,焼津市,【市制75周年】第51回焼津海上花火大会,JA,,,,,https://www.city.yaizu.lg.jp/event/fireflower.html,,焼津海上花火大会;花火大会;海上花火;花火,,,,2026/10/24,2026/10/24,0:00,0:00,,,2026/3/2,2029/3/2,,第51回焼津海上花火大会を開催します。本年は市制施行75周年にあたることから、記念大会として内容を検討しています。詳細は決定次第、焼津市観光協会ホームページ等でお知らせします。,,,,,焼津海上花火大会実行委員会（事務局：焼津市観光協会）,054-626-6266,,,,,どなたでも,,焼津漁港新港地区（打ち上げ場所：焼津外港南防波堤）,,,,静岡県焼津市城之腰付近,,,,,,,,,,,,,,,,,,,,,,,,,,,,,,,,,,,,,まつり・催し
222127,1.00E+12,19843,焼津市,初級・中級点字講習会,JA,,,,,https://www.city.yaizu.lg.jp/event/tennji2025.html,,点字;点字講習会,,,,2026/9/5,2027/1/9,9:30,11:00,,,2026/7/17,2029/7/17,,点字講習会（初級・中級）を開催します。,,,,,,,,,,,,,,,,,,,,,,,,,,,,,,,,,,,,,,,,,,,,,,,,,,,,,,
222127,1.00E+12,19877,焼津市,第17回やいづ浜通り夏のあかり展「朗演会・琵琶演奏会in常照寺」,JA,,,,,https://www.city.yaizu.lg.jp/event/info-00309.html,,,,,,2026/9/4,2026/9/5,18:00,21:00,,,2026/8/12,2029/8/12,,文豪「小泉八雲」が滞在した焼津の浜通りで幻想的な夏の夜を過ごしてみませんか？,,,,無料,焼津小泉八雲記念館,054-620-0022,,,,,どなたでも,,【あかり展】浜通り,,,,,,,,,,,,,,,,,,,,,,,,,,,,,,,,,,,,,,,,,
222127,1.00E+12,19922,焼津市,親子深層水教室「脱塩水を使ったカラーゼリーづくり」,JA,,,,,https://www.city.yaizu.lg.jp/event/info-00325.html,,深層水;親子;教室;学び;,,,,2026/10/31,2026/10/31,10:00,11:30,,,2026/8/20,2026/12/25,,海洋深層水の基礎知識を学び、駿河湾深層水を用いた「カラーゼリーづくり」に挑戦しよう！,,,,参加費一組につき300円,漁港振興課,054-626-1129,,,,,こども向け,,深層水ミュージアム2階研修学習室,,,,静岡県焼津市鰯ヶ島136-24,,,,,,34.85872289,138.325826,,,,,,,,,10組（1組につき小学生は2人まで）（※）申込順,,,,,,,,,,,,,,,,,,,,,
222127,1.00E+12,19952,焼津市,「精神疾患をもつ家族の会」家族学習会,JA,,,,,https://www.city.yaizu.lg.jp/event/info-00337.html,,,,,,2026/8/29,2026/9/26,13:30,16:00,,,2026/6/4,2029/6/4,,精神疾患を持つ家族の方を対象に家族による家族学習会を開催します。,,,,,,,,,,,,,,,,,,,,,,,,,,,,,,,,,,,,,,,,,,,,,,,,,,,,,,
222127,1.00E+12,19991,焼津市,ハロウィン体験講座ージャック・オ・ランタンづくりー,JA,,,,,https://www.city.yaizu.lg.jp/event/info-00350.html,,,,,,2026/10/25,2026/10/25,13:30,15:30,,,2026/8/6,2029/8/6,,ハロウィンってなに？ケルトとハロウィンの小泉八雲,,,,500円,焼津小泉八雲記念館,054-620-0022,,,,,こども向け,,焼津小泉八雲記念館多目的室,,,,静岡県焼津市三ケ名1550,,,,,,34.86459122,138.3062498,,,,,,,,,10名,,,,,,,,申し込み開始日：2026年10月4日（日曜日）午前9時から申し込み開始,,,https://logoform.jp/form/tWbQ/1663366,,,,,,,,,,こども・子育て
222127,1.00E+12,20055,焼津市,リトル赤ちゃんの会（第4期）,JA,,,,,https://www.city.yaizu.lg.jp/event/info-00369.html,,,,,,2026/10/9,2026/10/30,10:00,11:30,,,2026/7/1,2029/6/29,,子育てをしていく中で感じる疑問や不安を話したり、これからの子育てに必要な知識を一緒に学んだりしませんか？,,,,,,,,,,,,,,,,,,,,,,,,,,,,,,,,,,,,,,,,,,,,,,,,,,,,,,
222127,1.00E+12,20056,焼津市,リトル赤ちゃんの会（第5期）,JA,,,,,https://www.city.yaizu.lg.jp/event/info-00370.html,,,,,,2026/11/30,2026/12/21,10:00,11:30,,,2026/7/1,2029/6/29,,子育てをしていく中で感じる疑問や不安を話したり、これからの子育てに必要な知識を一緒に学んだりしませんか？,,,,,,,,,,,,,,,,,,,,,,,,,,,,,,,,,,,,,,,,,,,,,,,,,,,,,,
222127,1.00E+12,20057,焼津市,リトル赤ちゃんの会（第6期）,JA,,,,,https://www.city.yaizu.lg.jp/event/info-00371.html,,,,,,2027/2/8,2027/3/1,10:00,11:30,,,2026/7/1,2029/6/29,,子育てをしていく中で感じる疑問や不安を話したり、これからの子育てに必要な知識を一緒に学んだりしませんか？,,,,,,,,,,,,,,,,,,,,,,,,,,,,,,,,,,,,,,,,,,,,,,,,,,,,,,
222127,1.00E+12,20087,焼津市,焼津神社朝市「壱の市」,JA,,,,,https://www.city.yaizu.lg.jp/event/info-00376.html,,マルシェ;朝市;焼津;焼津神社;祭り,,,,2026/9/1,2027/2/15,8:00,12:00,,,2026/8/12,2029/8/12,,焼津神社で、月次祭の毎月1日と15日に朝市を定期開催中です。,,,,,,,,,,,,,,,,,,,,,,,,,,,,,,,,,,,,,,,,,,,,,,,,,,,,,,
222127,1.00E+12,20108,焼津市,【特別展】焼津/YAIDZU、心の避暑地ー八雲と家族の夏日記,JA,,,,,https://www.city.yaizu.lg.jp/event/info-00382.html,,,,,,2025/9/28,2026/9/6,9:00,17:00,,,2026/3/19,2029/3/19,,八雲と家族が綴った書簡やスケッチ、関連作品、写真資料などを紹介し、焼津で紡がれた八雲の夏の記憶をたどります。,,,,無料,焼津小泉八雲記念館,054-620-0022,,,,,どなたでも,,焼津小泉八雲記念館,,,,静岡県焼津市三ケ名1550番地（焼津市文化センター内）,,,,,,,,,,,,,,,,,,,,,,,,,,,,,,,,,,,,,学び・講座
222127,1.00E+12,20178,焼津市,ニュースポーツフェスティバル2026,JA,,,,,https://www.city.yaizu.lg.jp/event/newsportsfes.html,,ニュースポーツ,,,,2026/10/12,2026/10/12,9:00,12:00,,,2026/9/1,2037/12/31,,スポーツの日に合わせ「ニュースポーツフェスティバル2026」を開催します！,,,,,,,,,,,,,,,,,,,,,,,,,,,,,,,,,,,,,,,,,,,,,,,,,,,,,,
222127,1.00E+12,20241,焼津市,大井川民俗資料保管庫特別公開,JA,,,,,https://www.city.yaizu.lg.jp/event/info-00408.html,,,,,,2026/11/3,2026/11/3,9:00,14:00,,,2026/8/18,2029/8/18,,大井川民俗資料保管庫を来場者に特別公開します。ワークショップも開催！,,,,無料,焼津市歴史民俗資料館,054-629-6847,,,,,どなたでも,,大井川民俗資料保管庫,,,,静岡県焼津市宗高909番地の1,,,,,,34.80448304,138.2855339,,,,,,,,,,,,,,,,,,,,,,,,,,,,,,まつり・催し
222127,1.00E+12,20596,焼津市,ペアレント・トレーニングとおしゃべり会,JA,,,,,https://www.city.yaizu.lg.jp/event/kodomosoudan/info-00505.html,,ペアトレ;おしゃべり;ペアレント・トレーニング,,,,2026/7/9,2026/11/12,10:00,12:00,,,2026/6/23,2029/6/23,,「子どもが話を聞いてくれない」「子どもになんて声をかけて良いかわからない」「イライラしてつい子どもを怒ってしまう」…。子育ての中でこんな悩みを感じていませんか？焼津市のペアレント・トレーニングとおしゃべり会で、子どもへの上手な声のかけ方やかかわり方について、同じ悩みを持つ保護者と一緒に考えてみましょう！,,,,無料,こども相談課発達支援担当,054-626-1165,,,,,どなたでも,,焼津市役所アトレ庁舎2階会議室,,,,静岡県焼津市本町5丁目6番1号,,,,,,,,,,,,,,,,ペアレント・トレーニング…6名,,,,,,,,,,,,,,,,,,,,,
222127,1.00E+12,20709,焼津市,焼津市シルバー人材センター入会説明会（10月）,JA,,,,,https://www.city.yaizu.lg.jp/event/info-00535.html,,,,,,2026/10/13,2026/10/13,10:00,12:00,,,2026/7/28,2027/4/1,,元気に働きたいという方を対象に、入会説明会を開催しています。,,,,無料,公益社団法人焼津市シルバー人材センター,054-622-3510,,,,,高齢者向け,,小川地域交流センター,,,,静岡県焼津市南小川2丁目19番地の1,,,,,,,,,,,,,,,,,,,,,,,,焼津市シルバー人材センター（電話番号：054-622-3510）に電話で申し込む,,,,,,,,,,,,,その他
222127,1.00E+12,20713,焼津市,令和8年度焼津市親の会,JA,,,,,https://www.city.yaizu.lg.jp/event/kateishien/info-00538.html,,焼津市;親の会;不登校;登校渋り;非行,,,,2026/9/9,2027/3/10,19:00,20:30,,,2026/8/25,2029/8/25,,「不登校で困っている」「子どもとのかかわり方に悩んでいる」「今のままではよくないと思うが、どうすればよいか分からない。」…。,,,,,,,,,,,,,,,,,,,,,,,,,,,,,,,,,,,,,,,,,,,,,,,,,,,,,,
222127,1.00E+12,20727,焼津市,発達障害コミュニケーション初級指導者講座,JA,,,,,https://www.city.yaizu.lg.jp/event/dd_comm_seminar.html,,発達;コミュニケーション;講座;療育;研修,,,,2026/6/14,2027/1/24,9:30,16:45,,,2026/6/15,2029/6/15,,8月3日（月曜日）より2クールの申込を開始します！,,,,,,,,,,,,,,,,,,,,,,,,,,,,,,,,,,,,,,,,,,,,,,,,,,,,,,
222127,1.00E+12,20733,焼津市,だっこしておんぶしての会,JA,,,,,https://www.city.yaizu.lg.jp/event/info-00541.html,,,,,,2026/9/15,2026/9/15,10:00,10:30,,,2026/8/10,2029/8/10,,わらべうたや絵本の読み聞かせを通して、親子で触れ合う時間を楽しみましょう♪,,,,無料,子育て支援センターとまとぴあ,054-662-2300,,,,,対象者検索対象外,,子育て支援センターとまとぴあホール,,,,焼津市宗高1205-1,,,,,,34.80786584,138.2873188,,,,,,,,,10組（申込順）,,,,,,,,来所または電話でお申し込みください。,,,,,,,,,,,,,こども・子育て
222127,1.00E+12,20774,焼津市,９月23日は「手話の日」「手話言語の国際デー」ブルーライトアップ,JA,,,,,https://www.city.yaizu.lg.jp/event/shogaifukushi/info-00542.html,,手話;手話言語条例;手話は言語;手話言語の国際デー;手話の日,,,,2026/9/23,2026/9/23,17:30,18:30,,,2026/5/18,2029/5/18,,9月23日は「手話言語の国際デー」および「手話の日」です。 「手話言語の国際デー」は、手話が音声言語と対等であることを認識し、ろう者の人権保障を進めるため、国連で定められました。 国内においても、「手話に関する施策の推進に関する法律（手話施策推進法）」に伴い、同じ日が「手話の日」と定められ、各地でブルーライトアップが行われています。焼津市でも、市役所庁舎北側芝生広場で「手作りライトアップ」イベントを行います。,,,,無料,障害福祉課障害福祉担当,054-626-1127,,,,,どなたでも,,焼津市役所本庁舎北側芝生広場,,,,静岡県焼津市本町2丁目16-32,,,,,,,,,,,,,,,,なし,,,,,,,,事前申込不要。当日、午後5時30分に市役所本庁舎北側芝生広場にお集まりください。雨天時は、市民参加イベントは中止。ネオンサインの点灯のみ行います。,,,,,,,,,,,,,健康・福祉
222127,1.00E+12,20807,焼津市,焼津市シルバー人材センター入会説明会（9月）,JA,,,,,https://www.city.yaizu.lg.jp/event/info-00562.html,,,,,,2026/9/8,2026/9/8,10:00,11:00,,,2026/7/8,2027/7/8,,元気に働きたいという方を対象に、入会説明会を実施しています。,,,,無料,公益社団法人焼津市シルバー人材センター,054-622-3510,,,,,高齢者向け,,焼津市役所本庁舎5階会議室5B,,,,静岡県焼津市本町2丁目16-32,,,,,,,,,,,,,,,,,,,,,,,,焼津市シルバー人材センター（電話番号：054-622-3510）に電話で申し込む,,,,,,,,,,,,,その他
222127,1.00E+12,20823,焼津市,【市制施行75周年記念企画展】やまむら ともよが描く焼津の!! るーくんとやまどんの歴史探検,JA,,,,,https://www.city.yaizu.lg.jp/event/info-00570.html,,やまむらともよ;るーくん;やまどん;焼津の;焼津市,,,,2026/6/13,2026/10/18,9:00,17:00,,,2026/6/3,2037/12/31,,焼津市出身のイラストレーターやまむらともよ氏のイラストをナビゲーターとして、焼津の歴史・文化を紹介します。,,,,無料,焼津市歴史民俗資料館,054-629-6847,,,,,どなたでも,,焼津市歴史民俗資料館,,,,静岡県焼津市三ケ名1550番地（焼津文化センター内）,,,,,,34.86484563,138.3060051,,,,,,,,,,,,,,,,,,,,,,,,,,,,,,学び・講座
222127,1.00E+12,20866,焼津市,焼津フォーク村 昭和通り歌声広場,JA,,,,,https://www.city.yaizu.lg.jp/event/info-00583.html,,焼津フォーク村;焼津,,,,2026/7/5,2027/3/7,13:00,16:00,,,2026/6/23,2029/6/23,,市民団体「焼津フォーク村」による定期ライブです。懐かしのあの名曲、青春ソングを生演奏します。入場無料、出入り自由です。ご一緒に楽しみましょう！,,,,無料,焼津フォーク村事務局 内藤,090-6583-5671,,,,,どなたでも,,焼津市市民活動交流センター くるさ～,,,,,,,,,,,,,,,,,,,,,,,,,,,,,,,,,,,,,,,,,
222127,1.00E+12,20879,焼津市,高卒採用まるわかりセミナー,JA,,,,,https://www.city.yaizu.lg.jp/event/info-00585.html,,,,,,2026/9/15,2026/9/15,13:30,16:30,,,2026/6/10,2027/4/1,,高卒採用企業向けのセミナーです。,,,,,,,,,,,,,,,,,,,,,,,,,,,,,,,,,,,,,,,,,,,,,,,,,,,,,,
222127,1.00E+12,20904,焼津市,バスに乗って地域再発見の旅～瀬戸川沿いの歴史と伝承・東益津編～,JA,,,,,https://www.city.yaizu.lg.jp/event/info-00589.html,,バス;地域再発見の旅;瀬戸川;中里,,,,2026/10/10,2026/10/10,7:45,12:20,,,2026/8/31,2029/8/31,,バスを利用し、東益津の歴史をめぐるウオーキングツアーです。全行程約5.9キロ。,,,,400円（バス運賃200円×2回）,道路課,054-626-2166,,,,,どなたでも,,焼津駅南口（集合場所）,,,,静岡県焼津市栄町1丁目1番（集合場所）,,,,,,,,,,,,,,,,20人（申込多数の場合は抽選）,,,,,,,,2026年9月10日（木曜日）までに申し込みフォームまたは道路課へ電話,,,https://logoform.jp/form/tWbQ/1645943,,,,,,,,,,その他
222127,1.00E+12,20908,焼津市,フィールドツアーin志太三市 藤枝・焼津・島田市の未来を考えよう,JA,,,,,https://www.city.yaizu.lg.jp/event/info-00591.html,,,,,,2026/9/10,2026/9/11,10:30,17:30,,,2026/6/22,2027/4/1,,静岡県の真ん中「志太三市（島田市・藤枝市・焼津市）」を舞台に、先輩社会人や地域企業と交流しながら、地方創生に直結するアイディアを出し合い、地域の未来をプロデュースします。,,,,,,,,,,,,,,,,,,,,,,,,,,,,,,,,,,,,,,,,,,,,,,,,,,,,,,
222127,1.00E+12,20920,焼津市,フルーツゼリー作り,JA,,,,,https://www.city.yaizu.lg.jp/event/info-00595.html,,お菓子作り;フルーツゼリー;子ども;講座;大井川地域交流センター,,,,2026/9/12,2026/9/12,9:30,12:00,,,2026/7/16,2026/9/12,,ひんやり、あま～い、フルーツをたっぷり使ったゼリーを作りましょう！,,,,"1,000円（当日支払い）",大井川地域交流センター,054-622-3111,,,,,こども向け,,大井川地域交流センター調理室,,,,静岡県焼津市宗高900番地,,,,,,,,,,,,,,,,12人（抽選）,,,,,,,,2026年7月16日（木曜日）午前9時より電話（電話番号：054-622-3111）、窓口、申込フォームでお申し込みください。,,,,,,,,,,,,,
222127,1.00E+12,20926,焼津市,志太3市の若者と企業をつなぐ「校内仕事体験フェス」,JA,,,,,https://www.city.yaizu.lg.jp/event/info-00597.html,,,,,,2026/7/16,2027/2/26,0:00,0:00,,,2026/6/30,2037/12/31,,「未来の採用につなげたい」「地元のために自社の魅力をアピールしたい」とお考えの企業の皆さま、高校生に「仕事体験」を届ける特別な授業に参加しませんか？,,,,,,,,,,,,,,,,,,,,,,,,,,,,,,,,,,,,,,,,,,,,,,,,,,,,,,
222127,1.00E+12,20938,焼津市,第19回 焼津フォーク村歌声フェスタ,JA,,,,,https://www.city.yaizu.lg.jp/event/info-00601.html,,焼津;フォーク村,,,,2026/9/13,2026/9/13,11:00,16:00,,,2026/7/8,2029/7/8,,総勢11組が出演し、懐かしい歌謡曲やフォークソングをお届けします。,,,,,,,,,,,,,,,,,,,,,,,,,,,,,,,,,,,,,,,,,,,,,,,,,,,,,,
222127,1.00E+12,20940,焼津市,ウェーブリングで夏疲れリフレッシュ！,JA,,,,,https://www.city.yaizu.lg.jp/event/info-00602.html,,夏の疲れ;リフレッシュ;ウェーブリング;大村地域交流センター7,,,,2026/9/17,2026/9/17,10:00,11:00,,,2026/8/6,2029/8/6,,セルフケア用のウェーブリングを使って、夏の疲れをやさしくリフレッシュしましょう。,,,,無料,大村地域交流センター,054-629-3351,,,,,どなたでも,,大村地域交流センター1階大集会室,,,,静岡県焼津市大覚寺3丁目5-5,,,,,,,,,,,,,,,,20人（申し込み先着順）,,,,,,,,2026年8月26日（水曜日）午前9時から、大村地域交流センターの窓口または電話、下記の申し込みフォームから受付します。,,,https://logoform.jp/form/tWbQ/1673093,,,,,,,,,,健康・福祉
222127,1.00E+12,20941,焼津市,やぎりんトリオ・ケルティカ×渡辺麻衣ーアリッシュコンサートー,JA,,,,,https://www.city.yaizu.lg.jp/event/info-00603.html,,,,,,2026/9/13,2026/9/13,14:00,16:00,,,2026/8/4,2029/8/4,,小泉八雲が育ったアイルランドの民謡と怪談の読み語り付き音楽会です。,,,,"高校生以下500円、大人1,500円",焼津小泉八雲記念館,054-620-0022,,,,,どなたでも,,東益津地域交流センター大会議室,,,,静岡県焼津市石脇上65,,,,,,34.88657657,138.3200868,,,,,,,,,80名,,,,,,,,2026年8月8日（土曜日）午前9時から専用フォームにてお申込みください。,,,https://logoform.jp/form/tWbQ/1638969,,,,,,,,,,見る・聞く
222127,1.00E+12,20958,焼津市,空き家の無料相談会（県との共催）,JA,,,,,https://www.city.yaizu.lg.jp/event/kentikujutaku/info-00607.html,,空き家の相談;空き家;空き家困りごと;空き家相続;空き家活用,,,,2026/9/5,2026/9/5,10:00,15:00,,,2026/8/18,2026/9/5,,空き家に関する相続登記や売買等の様々な困りごとに、専門家が相談に応じます。,,,,無料,静岡県空き家対策推進協議会 事務局,電話番号：054-247-3823,,,,,どなたでも,,焼津市役所本庁舎1階 会議室1B,,,,静岡県焼津市本町2丁目16-32,,,,,,,,,,,,,,,,20人（先着順）,,,,,,,,電話にてお申込み,,,,,,,,,,,,,その他
222127,1.00E+12,20981,焼津市,まちじゅう元気塾,JA,,,,,https://www.city.yaizu.lg.jp/event/info-00609.html,,まちじゅう元気塾;ふまねっと運動教室;ふまねっと,,,,2026/9/3,2026/9/24,10:00,11:30,,,2026/7/24,2037/12/31,,大きなマス目でできた網を踏まないように歩く4回1コースの運動教室です。認知症予防にも効果があります！一緒に楽しく運動しませんか？,,,,,健康づくり課,054-627-4111,,,,,高齢者向け,,焼津市役所大井川庁舎1階 健診コーナー,,,,静岡県焼津市宗高900,,,,,,,,,,,,,,,,20人（申込順）,,,,,,,,2026年8月5日（水曜日）午前9時以降に保健センター（焼津市役所アトレ庁舎1階）に電話か窓口で,,,,,,,,,,,,,健康・福祉
222127,1.00E+12,20982,焼津市,ふまねっとを楽しむ会,JA,,,,,https://www.city.yaizu.lg.jp/event/info-00610.html,,ふまねっとを楽しむ会;ふまねっと運動;ふまねっと,,,,2026/9/15,2026/9/15,13:30,15:00,,,2026/7/24,2037/12/31,,大きなマス目でできた網を踏まないように歩く運動です。様々なステップがあり、少しずつ練習をしながら体を動かします。頭を使いながら動くので、認知症予防にも効果があります。一緒に楽しく運動しませんか？,,,,,健康づくり課,054-627-4111,,,,,どなたでも,,保健センター 集検ホール,,,,静岡県焼津市本町5丁目6-1,,,,,,,,,,,,,,,,20人（申込順）,,,,,,,,2026年8月5日（水曜日）午前9時以降に保健センター（焼津市役所アトレ庁舎1階）に電話か窓口で,,,,,,,,,,,,,健康・福祉
222127,1.00E+12,20983,焼津市,いきいき元気あっぷ教室 エクササイズ実践コース,JA,,,,,https://www.city.yaizu.lg.jp/event/info-00611.html,,いきいき元気あっぷ教室;エクササイズ実践コース,,,,2026/9/5,2026/10/3,9:30,11:00,,,2026/7/24,2037/12/31,,理学療法士、作業療法士によるフレイル予防、認知症予防のための運動教室です。一緒に楽しく運動しませんか？,,,,,健康づくり課,054-627-4111,,,,,高齢者向け,,大富地域交流センター,,,,静岡県焼津市中根新田93-1,,,,,,,,,,,,,,,,20人（申込順）,,,,,,,,2026年8月4日（火曜日）午前8時30分以降に保健センター（焼津市役所アトレ庁舎1階）に電話か窓口で,,,,,,,,,,,,,
222127,1.00E+12,20986,焼津市,元気隊ウォーキング,JA,,,,,https://www.city.yaizu.lg.jp/event/info-00612.html,,元気隊ウォーキング;ウォーキング,,,,2026/10/24,2026/10/24,9:00,12:00,,,2026/7/24,2037/12/31,,月1回開催！焼津市の見どころをウォーキング推進員と一緒に楽しく歩きませんか？,,,,,健康づくり課,054-627-4111,,,,,どなたでも,,集合・駐車場所 ディスカバリーパーク焼津 北側駐車場,,,,,,,,,,,,,,,,,,,,,,,,,,,,,,,,,,,,,,,,,
222127,1.00E+12,20993,焼津市,コミュニケーション検定5級講座,JA,,,,,https://www.city.yaizu.lg.jp/event/communinication_kentei.html,,発達;コミュニケーション;講座;療育;研修,,,,2026/10/25,2026/10/25,9:30,16:30,,,2026/8/4,2029/8/4,,2026年9月14日（月曜日）より申込受付を開始します。,,,,,,,,,,,,,,,,,,,,,,,,,,,,,,,,,,,,,,,,,,,,,,,,,,,,,,
222127,1.00E+12,20996,焼津市,やいづ健幸応援団 ユーザー会,JA,,,,,https://www.city.yaizu.lg.jp/event/info-00614.html,,,,,,2026/9/4,2026/9/4,15:00,16:30,,,2026/7/31,2029/7/31,,焼津市では、地域一体となった市民・事業者の健康づくりを推進するため、やいづ健幸応援団への参加事業者を募集しています。今回、やいづ健幸応援団をさらに盛り上げるためこれまでの取り組みを共有し、新たな取り組みをみんなで考えるユーザー会を開催します。,,,,無料,やいづ健康マイレージ事務局,0120-73-5015,,,,,事業者向け,,焼津市役所本庁舎1階1B会議室,,,,静岡県焼津市本町2丁目16-32,,,,,,,,,,,,,,,,,,,,,,,,2026年8月28日（金曜日）までに申し込みフォームからお申し込みください。,,,https://questant.jp/q/B8A4WR5W,,,,,,,,,,その他
222127,1.00E+12,21002,焼津市,【温泉総選挙2026】焼津温泉が「健康/スポーツ部門」にエントリー中,JA,,,,,https://www.city.yaizu.lg.jp/event/info-00616.html,,,,,,2026/8/7,2026/10/31,10:00,18:00,,,2026/8/6,2027/8/6,,「焼津温泉」が温泉総選挙2026で【健康/スポーツ部門】にエントリーしています。,,,,,,,,,,,,,,,,,,,,,,,,,,,,,,,,,,,,,,,,,,,,,,,,,,,,,,
222127,1.00E+12,21005,焼津市,シニア・ミドルシニア向けセミナー&就職相談会,JA,,,,,https://www.city.yaizu.lg.jp/event/info-00617.html,,,,,,2026/10/9,2026/11/6,14:00,16:00,,,2026/7/28,2027/4/1,,概ね45歳以上を対象としたセミナー及び就職相談会を開催します。,,,,,,,,,,,,,,,,,,,,,,,,,,,,,,,,,,,,,,,,,,,,,,,,,,,,,,
222127,1.00E+12,21023,焼津市,令和8年度在宅医療市民啓発講演会,JA,,,,,https://www.city.yaizu.lg.jp/event/info-00619.html,,講演会;在宅医療;介護,,,,2026/10/4,2026/10/4,13:30,15:00,,,2026/8/12,2029/8/12,,住民への在宅医療・在宅見取りの普及啓発の一環として、市民を対象に、在宅医療に携わっている医師をお招きして、講演会を実施します。,,,,無料,一般社団法人焼津市医師会,054-631-5667,,,,,どなたでも,,焼津市総合福祉会館「ウェルシップやいづ」多目的ホール,,,,静岡県焼津市大覚寺3丁目2-2,,,,,,34.87624512,138.3045963,,,,,,,,,100名（申込順）,,,,,,,,2026年9月30日（水曜日）までに焼津市医師会（電話番号：054-631-5661）へ電話かファクス（ファクス番号：054-629-1153）または申し込みフォームで申し込み。,,,,,,,,,,,,,
222127,1.00E+12,21043,焼津市,うたって、おどって、音あそび,JA,,,,,https://www.city.yaizu.lg.jp/event/info-00622.html,,幼児;あそび;音楽;運動,,,,2026/9/26,2026/9/26,10:00,11:00,,,2026/8/12,2029/8/8,,歌ったり、体を動かしたり、パネルシアターを楽しんだり…。0から3歳のお子さんと保護者が笑顔で過ごせる音あそび幼児講座。初めての方も大歓迎。,,,,無料,港地域交流センター,054-624-8855,,,,,こども向け,,港地域交流センター2階和室,,,,静岡県焼津市石津港町40-1,,,,,,34.84135136,138.3261646,,,,,,,,,10組（先着順）,,,,,,,,次の申込みフォームまたは港地域交流センター（電話番号：054-624-8855）まで申し込み。,,,https://logoform.jp/form/tWbQ/1690439,,,,,,,,,,こども・子育て
222127,1.00E+12,21047,焼津市,「忘れられない感動の映画音楽」講座,JA,,,,,https://www.city.yaizu.lg.jp/event/info-00624.html,,映画;映画音楽;小澤正人;大井川地域交流センター,,,,2026/10/7,2026/10/7,13:30,15:30,,,2026/8/20,2026/10/7,,講師の深い洞察とユーモアを交えた解説を聞きながら、主に映画音楽に焦点をあて、名作映画の一場面を鑑賞します。あわせて、名作映画のポスター展も開催します。普段なかなか接することのない映画の世界を、この機会にじっくりと味わってみてはいかがでしょうか。,,,,無料,大井川地域交流センター,054-622-3111,,,,,どなたでも,,大井川地域交流センター大会議室,,,,静岡県焼津市宗高900,,,,,,,,,,,,,,,,60人（申込順）,,,,,,,,2026年8月20日（木曜日）午前9時より電話（電話番号：054-622-3111）または窓口でお申し込みください。,,,,,,,,,,,,,学び・講座
222127,1.00E+12,21048,焼津市,高齢者の権利を守るセミナー,JA,,,,,https://www.city.yaizu.lg.jp/event/info-00625.html,,高齢者;詐欺;消費者被害;防犯対策,,,,2026/11/9,2026/11/9,13:30,15:00,,,2026/8/26,2029/8/26,,高齢者を狙う詐欺や消費者被害を防ぐため、日本防犯大学学長によるセミナーを開催します。最新の対策を学び、大切な権利と安心の暮らしを守りましょう。,,,,無料,焼津市中部地域包括支援センター,054-626-8811,,,,,高齢者向け,,焼津市総合福祉会館「ウェルシップやいづ」多目的ホール,,,,静岡県焼津市大覚寺3丁目2-2,,,,,,34.8761483,138.3045427,,,,,,,,,100人,,,,,,,,2026年11月6日（金曜日）までに焼津市中部地域包括支援センター（電話番号：054-626-8811）へ電話かファクス（ファクス番号：054-620-8303）または申し込みフォームで申し込み。,,,,,,,,,,,,,
222127,1.00E+12,21049,焼津市,地図好きさんの地理講座【オンライン講座】,JA,,,,,https://www.city.yaizu.lg.jp/event/info-00626.html,,地理;地図;講座;大井川地域交流センター,,,,2026/9/30,2026/9/30,13:30,15:00,,,2026/8/20,2026/9/30,,地図地理検定に出題された問題を解きながら、静岡県の地理について学びます。,,,,,,,,,,,,,,,,,,,,,,,,,,,,,,,,,,,,,,,,,,,,,,,,,,,,,,
222127,1.00E+12,21058,焼津市,【特別展】文豪は猫がお好きー物語のそばには、いつも猫。,JA,,,,,https://www.city.yaizu.lg.jp/event/info-00628.html,,,,,,2026/9/12,2027/2/28,9:00,17:00,,,2026/8/18,2029/8/18,,古今東西、多くの文学者を魅了してきた猫。本展では、小泉八雲をはじめ、様々な文豪が描いた猫の世界をご紹介します。文学ファンはもちろん、猫好きの皆さまにもお楽しみいただける展示会です。,,,,無料,焼津小泉八雲記念館,054-620-0022,,,,,どなたでも,,焼津小泉八雲記念館,,,,静岡県焼津市三ケ名1550番地（焼津市文化センター内）,,,,,,,,,,,,,,,,,,,,,,,,,,,,,,,,,,,,,学び・講座
222127,1.00E+12,21060,焼津市,オレンジフェスタ2026 ～一緒に学ぼう 考えよう 認知症～,JA,,,,,https://www.city.yaizu.lg.jp/event/info-00629.html,,認知症,,,,2026/9/13,2026/9/13,9:00,11:00,,,2026/8/19,2029/8/19,,9月は認知症月間です。,,,,,,,,,,,,,,,,,,,,,,,,,,,,,,,,,,,,,,,,,,,,,,,,,,,,,,
222127,1.00E+12,21068,焼津市,【特別展関連イベント】私の猫自慢,JA,,,,,https://www.city.yaizu.lg.jp/event/info-00632.html,,猫,,,,2026/9/12,2027/2/28,9:00,17:00,,,2026/8/18,2029/8/18,,【特別展】文豪は猫がお好き―物語のそばには、いつも猫。の関連イベントを開催！あなたの自慢の猫をみんなに紹介しませんか？,,,,無料,焼津小泉八雲記念,054-620-0022,,,,,どなたでも,,焼津小泉八雲記念館,,,,静岡県焼津市三ケ名1550番地（焼津市文化センター内）,,,,,,34.86459618,138.3063698,,,,,,,,,,,,,,,,,焼津小泉八雲記念受付に直接お持ちください。,,,,,,,,,,,,,まつり・催し
222127,1.00E+12,21071,焼津市,【市制75周年】第17回やいづ浜通り 夏のあかり展,JA,,,,,https://www.city.yaizu.lg.jp/event/info-akariten.html,,浜通り;あかり展;行灯,,,,2026/9/4,2026/9/5,0:00,0:00,,,2026/8/21,2029/8/21,,NPO法人浜の会では、幻想的な光で焼津の夜を彩る、焼津の夏の風物詩「浜通り夏のあかり展」を開催します。,,,,,,,,,,,,,,,,,,,,,,,,,,,,,,,,,,,,,,,,,,,,,,,,,,,,,,
222127,1.00E+12,21073,焼津市,焼津市内企業見学バスツアー参加者募集,JA,,,,,https://www.city.yaizu.lg.jp/event/info-00633.html,,企業見学;バスツアー;求職,,,,2026/9/29,2026/9/29,9:00,16:45,,,2026/8/25,2029/8/25,,焼津市内の企業を見学するバスツアーを開催します。,,,,,,,,,,,,,,,,,,,,,,,,,,,,,,,,,,,,,,,,,,,,,,,,,,,,,,
222127,1.00E+12,21074,焼津市,令和8年度高齢者の居場所づくり講座,JA,,,,,https://www.city.yaizu.lg.jp/event/info-00634.html,,,,,,2026/10/20,2026/12/10,0:00,0:00,,,2026/8/25,2029/8/25,,高齢者が住み慣れた地域で自分らしく暮らすためには、住民同士の支え合いが重要です。,,,,,,,,,,,,,,,,,,,,,,,,,,,,,,,,,,,,,,,,,,,,,,,,,,,,,,
222127,1.00E+12,21087,焼津市,食品バイヤーとの個別商談会＆専門家との個別相談会in静岡,JA,,,,,https://www.city.yaizu.lg.jp/event/info-00636.html,,販路拡大;静岡;バイヤー;商談;相談会,,,,2026/11/6,2026/11/6,10:30,16:30,,,2026/8/31,2026/11/8,,静岡県内事業者の商品販路拡大を目指し、食品卸売・小売等のバイヤーとの個別商談会を開催します。,,,,,,,,,,,,,,,,,,,,,,,,,,,,,,,,,,,,,,,,,,,,,,,,,,,,,,
