事故内容,事故内容区分,事故類型,事故類型区分,天候,天候区分,昼夜,昼夜区分,時間帯区分,曜日(発生年月日),曜日区分,死者数,発生日時　　分,発生日時　　年,発生日時　　日,発生日時　　時,発生日時　　月,発生日時（年月日）,発生日時（時間）,負傷者数,路線,路線コード,道路形状,道路形状区分,件数,経度,緯度
1,死亡,1,人対車両,1,晴,22,夜－夜,0-3時,2,月,1,11,2023,29,1,5,2023/5/29,1:11,0,,37000,14,単路－その他,1,138.3172461,34.87999806
1,死亡,41,車両単独,1,晴,12,昼－昼,12-15時,7,土,1,25,2023,2,14,9,2023/9/2,14:25,0,,99000,0,一般交通の場所,1,138.2878519,34.84472306
1,死亡,21,車両相互,3,雨,12,昼－昼,9-12時,4,水,1,54,2023,9,9,8,2023/8/9,9:54,2,,37000,7,交差点付近－その他,1,138.2786339,34.80816389
2,負傷,1,人対車両,1,晴,12,昼－昼,9-12時,1,日,0,11,2023,3,11,9,2023/9/3,11:11,1,,99000,0,一般交通の場所,1,138.2884839,34.85309611
2,負傷,1,人対車両,1,晴,12,昼－昼,9-12時,1,日,0,39,2023,5,9,2,2023/2/5,9:39,1,,37000,1,交差点－その他,1,138.3101881,34.84236889
2,負傷,1,人対車両,1,晴,12,昼－昼,15-18時,1,日,0,3,2023,2,15,7,2023/7/2,15:3,1,,37000,1,交差点－その他,1,138.2894639,34.86368
2,負傷,1,人対車両,1,晴,12,昼－昼,6-9時,2,月,0,5,2023,10,8,4,2023/4/10,8:5,1,,99000,0,一般交通の場所,1,138.2963311,34.87510806
2,負傷,1,人対車両,1,晴,12,昼－昼,9-12時,2,月,0,35,2023,19,11,6,2023/6/19,11:35,1,,99000,0,一般交通の場所,1,138.2885111,34.855195
2,負傷,1,人対車両,1,晴,12,昼－昼,9-12時,2,月,0,37,2023,4,10,9,2023/9/4,10:37,1,,24160,1,交差点－その他,1,138.3202639,34.866585
2,負傷,1,人対車両,1,晴,12,昼－昼,12-15時,2,月,0,49,2023,1,13,5,2023/5/1,13:49,1,,37000,14,単路－その他,1,138.3067239,34.8707
2,負傷,1,人対車両,1,晴,12,昼－昼,12-15時,2,月,0,47,2023,22,13,5,2023/5/22,13:47,1,,37000,14,単路－その他,1,138.29244,34.85000111
2,負傷,1,人対車両,1,晴,12,昼－昼,9-12時,2,月,0,10,2023,13,11,11,2023/11/13,11:10,1,,37000,14,単路－その他,1,138.2812919,34.86910111
2,負傷,1,人対車両,1,晴,12,昼－昼,9-12時,3,火,0,36,2023,4,11,4,2023/4/4,11:36,1,,99000,0,一般交通の場所,1,138.2881269,34.85318306
2,負傷,1,人対車両,1,晴,12,昼－昼,15-18時,3,火,0,5,2023,3,15,10,2023/10/3,15:5,1,主要地方道－市道,1500,1,交差点－その他,1,138.2880439,34.82243389
2,負傷,1,人対車両,1,晴,12,昼－昼,12-15時,3,火,0,19,2023,5,14,9,2023/9/5,14:19,1,,37000,14,単路－その他,1,138.3180681,34.87166889
2,負傷,1,人対車両,1,晴,12,昼－昼,6-9時,4,水,0,26,2023,13,8,12,2023/12/13,8:26,1,,37000,13,単路－カーブ・屈折,1,138.2876439,34.86035111
2,負傷,1,人対車両,1,晴,12,昼－昼,12-15時,4,水,0,30,2023,10,14,5,2023/5/10,14:30,1,,37000,14,単路－その他,1,138.3156611,34.85032889
2,負傷,1,人対車両,1,晴,12,昼－昼,6-9時,4,水,0,45,2023,21,8,6,2023/6/21,8:45,1,,37000,14,単路－その他,1,138.311145,34.85770389
2,負傷,1,人対車両,1,晴,12,昼－昼,15-18時,5,木,0,55,2023,13,16,4,2023/4/13,16:55,1,,99000,0,一般交通の場所,1,138.3097811,34.86387806
2,負傷,1,人対車両,1,晴,12,昼－昼,6-9時,5,木,0,20,2023,6,6,7,2023/7/6,6:20,1,,99000,0,一般交通の場所,1,138.3161489,34.86661806
2,負傷,1,人対車両,1,晴,12,昼－昼,12-15時,5,木,0,25,2023,20,14,7,2023/7/20,14:25,1,,10310,14,単路－その他,1,138.3182461,34.83066306
2,負傷,1,人対車両,1,晴,12,昼－昼,12-15時,6,金,0,10,2023,25,12,8,2023/8/25,12:10,1,,99000,0,一般交通の場所,1,138.29417,34.89605111
2,負傷,1,人対車両,1,晴,12,昼－昼,6-9時,6,金,0,25,2023,21,6,4,2023/4/21,6:25,1,,37000,1,交差点－その他,1,138.3171289,34.857635
2,負傷,1,人対車両,1,晴,12,昼－昼,15-18時,6,金,0,5,2023,29,15,12,2023/12/29,15:5,1,,37000,1,交差点－その他,1,138.3123439,34.84291
2,負傷,1,人対車両,1,晴,12,昼－昼,15-18時,6,金,0,55,2023,10,15,3,2023/3/10,15:55,1,,10300,14,単路－その他,1,138.304935,34.87061611
2,負傷,1,人対車両,1,晴,12,昼－昼,9-12時,7,土,0,40,2023,28,9,10,2023/10/28,9:40,1,,37000,1,交差点－その他,1,138.3126461,34.84722611
2,負傷,1,人対車両,1,晴,13,昼－暮,18-21時,1,日,0,51,2023,16,18,7,2023/7/16,18:51,1,,37000,0,一般交通の場所,1,138.3161319,34.86668
2,負傷,1,人対車両,1,晴,13,昼－暮,15-18時,1,日,0,53,2023,23,17,4,2023/4/23,17:53,1,,24160,14,単路－その他,1,138.3133439,34.83736889
2,負傷,1,人対車両,1,晴,13,昼－暮,15-18時,4,水,0,5,2023,20,17,9,2023/9/20,17:5,1,,37000,14,単路－その他,1,138.2849389,34.86514611
2,負傷,1,人対車両,1,晴,13,昼－暮,18-21時,6,金,0,20,2023,23,18,6,2023/6/23,18:20,1,,37000,14,単路－その他,1,138.2832361,34.86696
2,負傷,1,人対車両,1,晴,13,昼－暮,15-18時,7,土,0,45,2023,9,15,12,2023/12/9,15:45,1,,99000,0,一般交通の場所,1,138.2828111,34.80372694
2,負傷,1,人対車両,1,晴,21,夜－暮,18-21時,2,月,0,2,2023,1,19,5,2023/5/1,19:2,1,,37000,1,交差点－その他,1,138.3243089,34.85123694
2,負傷,1,人対車両,1,晴,21,夜－暮,18-21時,3,火,0,23,2023,28,18,2,2023/2/28,18:23,1,,37000,14,単路－その他,1,138.2862369,34.86354389
2,負傷,1,人対車両,1,晴,21,夜－暮,15-18時,3,火,0,30,2023,26,17,12,2023/12/26,17:30,1,,37000,14,単路－その他,1,138.3007519,34.84799306
2,負傷,1,人対車両,1,晴,21,夜－暮,18-21時,6,金,0,42,2023,17,18,3,2023/3/17,18:42,1,主要地方道－市道,1500,1,交差点－その他,1,138.2959019,34.82644889
2,負傷,1,人対車両,1,晴,21,夜－暮,15-18時,7,土,0,17,2023,30,17,12,2023/12/30,17:17,1,,37000,1,交差点－その他,1,138.3253339,34.82828306
2,負傷,1,人対車両,1,晴,22,夜－夜,18-21時,1,日,0,50,2023,15,18,10,2023/10/15,18:50,1,,37000,14,単路－その他,1,138.3163419,34.84684694
2,負傷,1,人対車両,1,晴,22,夜－夜,3-6時,3,火,0,30,2023,26,5,12,2023/12/26,5:30,1,,10310,1,交差点－その他,1,138.3030011,34.79848889
2,負傷,1,人対車両,1,晴,22,夜－夜,18-21時,3,火,0,55,2023,26,18,12,2023/12/26,18:55,1,,37000,1,交差点－その他,1,138.3127311,34.83891306
2,負傷,1,人対車両,1,晴,22,夜－夜,21-24時,3,火,0,5,2023,21,22,3,2023/3/21,22:5,1,,37000,14,単路－その他,1,138.3098289,34.86048111
2,負傷,1,人対車両,1,晴,22,夜－夜,18-21時,4,水,0,37,2023,8,20,2,2023/2/8,20:37,1,,37000,1,交差点－その他,1,138.3231961,34.84285806
2,負傷,1,人対車両,1,晴,22,夜－夜,21-24時,4,水,0,27,2023,29,23,3,2023/3/29,23:27,1,,22220,1,交差点－その他,1,138.2854869,34.86180111
2,負傷,1,人対車両,1,晴,22,夜－夜,21-24時,4,水,0,48,2023,26,21,7,2023/7/26,21:48,1,主要地方道－市道,1500,14,単路－その他,1,138.3041039,34.79954111
2,負傷,1,人対車両,1,晴,22,夜－夜,18-21時,6,金,0,3,2023,3,20,2,2023/2/3,20:3,1,,37000,1,交差点－その他,1,138.3085839,34.83849611
2,負傷,1,人対車両,1,晴,22,夜－夜,18-21時,6,金,0,29,2023,20,18,10,2023/10/20,18:29,1,,37000,7,交差点付近－その他,1,138.2882019,34.82229806
2,負傷,1,人対車両,1,晴,23,夜－明,3-6時,2,月,0,35,2023,17,4,4,2023/4/17,4:35,1,,10810,7,交差点付近－その他,1,138.30487,34.88096306
2,負傷,21,車両相互,1,晴,11,昼－明,6-9時,2,月,0,35,2023,30,6,10,2023/10/30,6:35,1,,37000,1,交差点－その他,1,138.28922,34.85973111
2,負傷,21,車両相互,1,晴,11,昼－明,6-9時,3,火,0,42,2023,14,6,3,2023/3/14,6:42,1,,37000,1,交差点－その他,1,138.2936239,34.85691889
2,負傷,21,車両相互,1,晴,11,昼－明,6-9時,4,水,0,10,2023,8,7,2,2023/2/8,7:10,1,,37000,1,交差点－その他,1,138.3225581,34.84621694
2,負傷,21,車両相互,1,晴,11,昼－明,6-9時,4,水,0,30,2023,8,6,11,2023/11/8,6:30,1,,10810,14,単路－その他,1,138.3048069,34.88107111
2,負傷,21,車両相互,1,晴,11,昼－明,6-9時,4,水,0,15,2023,29,7,11,2023/11/29,7:15,1,,10310,14,単路－その他,1,138.3212731,34.85565
2,負傷,21,車両相互,1,晴,11,昼－明,6-9時,4,水,0,54,2023,13,6,12,2023/12/13,6:54,1,,10340,14,単路－その他,1,138.2496089,34.81086306
2,負傷,21,車両相互,1,晴,11,昼－明,6-9時,4,水,0,40,2023,27,7,12,2023/12/27,7:40,2,,37000,1,交差点－その他,1,138.3064681,34.87227889
2,負傷,21,車両相互,1,晴,11,昼－明,6-9時,5,木,0,39,2023,12,7,1,2023/1/12,7:39,1,,37000,1,交差点－その他,1,138.2824539,34.85829
2,負傷,21,車両相互,1,晴,11,昼－明,6-9時,5,木,0,40,2023,2,6,11,2023/11/2,6:40,1,,37000,1,交差点－その他,1,138.3234639,34.84013389
2,負傷,21,車両相互,1,晴,11,昼－明,6-9時,5,木,0,3,2023,7,7,12,2023/12/7,7:3,1,,37000,1,交差点－その他,1,138.2703789,34.81317889
2,負傷,21,車両相互,1,晴,11,昼－明,6-9時,5,木,0,9,2023,23,7,11,2023/11/23,7:9,1,,10810,14,単路－その他,1,138.2978961,34.88406611
2,負傷,21,車両相互,1,晴,11,昼－明,6-9時,6,金,0,38,2023,20,7,1,2023/1/20,7:38,1,,37000,1,交差点－その他,1,138.2968489,34.87926389
2,負傷,21,車両相互,1,晴,11,昼－明,6-9時,6,金,0,29,2023,17,7,2,2023/2/17,7:29,1,,37000,1,交差点－その他,1,138.3133961,34.86112806
2,負傷,21,車両相互,1,晴,11,昼－明,6-9時,6,金,0,23,2023,13,7,1,2023/1/13,7:23,1,,10330,14,単路－その他,1,138.2764119,34.81801
2,負傷,21,車両相互,1,晴,11,昼－明,6-9時,7,土,0,0,2023,28,7,10,2023/10/28,7:0,1,,10810,7,交差点付近－その他,1,138.3023019,34.88177694
2,負傷,21,車両相互,1,晴,12,昼－昼,9-12時,1,日,0,22,2023,8,9,1,2023/1/8,9:22,1,,99000,0,一般交通の場所,1,138.2824011,34.80400694
2,負傷,21,車両相互,1,晴,12,昼－昼,15-18時,1,日,0,15,2023,18,17,6,2023/6/18,17:15,1,,99000,0,一般交通の場所,1,138.3205261,34.88306889
2,負傷,21,車両相互,1,晴,12,昼－昼,12-15時,1,日,0,36,2023,31,12,12,2023/12/31,12:36,1,,37000,0,一般交通の場所,1,138.3114639,34.85925889
2,負傷,21,車両相互,1,晴,12,昼－昼,12-15時,1,日,0,44,2023,31,12,12,2023/12/31,12:44,1,,99000,0,一般交通の場所,1,138.3024889,34.87727889
2,負傷,21,車両相互,1,晴,12,昼－昼,12-15時,1,日,0,15,2023,26,12,2,2023/2/26,12:15,1,,24160,1,交差点－その他,1,138.325335,34.87476694
2,負傷,21,車両相互,1,晴,12,昼－昼,15-18時,1,日,0,7,2023,16,15,4,2023/4/16,15:7,1,主要地方道－市道,1500,1,交差点－その他,1,138.2999889,34.84227694
2,負傷,21,車両相互,1,晴,12,昼－昼,12-15時,1,日,0,0,2023,25,12,6,2023/6/25,12:0,1,,37000,1,交差点－その他,1,138.2765989,34.811485
2,負傷,21,車両相互,1,晴,12,昼－昼,6-9時,1,日,0,37,2023,16,7,7,2023/7/16,7:37,1,,37000,1,交差点－その他,1,138.3032289,34.86640694
2,負傷,21,車両相互,1,晴,12,昼－昼,9-12時,1,日,0,10,2023,16,10,7,2023/7/16,10:10,1,,37000,1,交差点－その他,1,138.3080219,34.85173806
2,負傷,21,車両相互,1,晴,12,昼－昼,15-18時,1,日,0,33,2023,16,16,7,2023/7/16,16:33,1,,37000,1,交差点－その他,1,138.3140481,34.86389306
2,負傷,21,車両相互,1,晴,12,昼－昼,15-18時,1,日,0,0,2023,30,17,7,2023/7/30,17:0,1,,37000,1,交差点－その他,1,138.3132219,34.86833194
2,負傷,21,車両相互,1,晴,12,昼－昼,9-12時,1,日,0,38,2023,27,10,8,2023/8/27,10:38,1,,37000,1,交差点－その他,1,138.3239119,34.87565611
2,負傷,21,車両相互,1,晴,12,昼－昼,12-15時,1,日,0,30,2023,15,12,10,2023/10/15,12:30,1,,37000,1,交差点－その他,1,138.29314,34.83528389
2,負傷,21,車両相互,1,晴,12,昼－昼,12-15時,1,日,0,20,2023,29,12,10,2023/10/29,12:20,1,,10300,1,交差点－その他,1,138.2885611,34.87117389
2,負傷,21,車両相互,1,晴,12,昼－昼,9-12時,1,日,0,25,2023,26,9,11,2023/11/26,9:25,1,,10310,7,交差点付近－その他,1,138.2902581,34.78658
2,負傷,21,車両相互,1,晴,12,昼－昼,12-15時,1,日,0,5,2023,26,14,11,2023/11/26,14:5,1,,37000,7,交差点付近－その他,1,138.2872261,34.85338694
2,負傷,21,車両相互,1,晴,12,昼－昼,9-12時,1,日,0,25,2023,24,11,12,2023/12/24,11:25,1,,10810,7,交差点付近－その他,1,138.3017039,34.88202
2,負傷,21,車両相互,1,晴,12,昼－昼,9-12時,1,日,0,4,2023,5,10,2,2023/2/5,10:4,1,,37000,13,単路－カーブ・屈折,1,138.312875,34.86722389
2,負傷,21,車両相互,1,晴,12,昼－昼,12-15時,1,日,0,13,2023,26,13,2,2023/2/26,13:13,1,,42710,14,単路－その他,1,138.2796461,34.83616694
2,負傷,21,車両相互,1,晴,12,昼－昼,9-12時,1,日,0,55,2023,2,9,4,2023/4/2,9:55,1,,37000,14,単路－その他,1,138.2949931,34.85387111
2,負傷,21,車両相互,1,晴,12,昼－昼,6-9時,1,日,0,55,2023,2,7,7,2023/7/2,7:55,1,主要地方道－市道,1500,14,単路－その他,1,138.2793281,34.81627889
2,負傷,21,車両相互,1,晴,12,昼－昼,6-9時,1,日,0,44,2023,2,8,7,2023/7/2,8:44,1,,22240,14,単路－その他,1,138.291925,34.84475889
2,負傷,21,車両相互,1,晴,12,昼－昼,12-15時,1,日,0,55,2023,2,13,7,2023/7/2,13:55,1,,37000,14,単路－その他,1,138.3080231,34.84597306
2,負傷,21,車両相互,1,晴,12,昼－昼,12-15時,1,日,0,40,2023,27,14,8,2023/8/27,14:40,1,,37000,14,単路－その他,1,138.2905819,34.82772389
2,負傷,21,車両相互,1,晴,12,昼－昼,15-18時,1,日,0,3,2023,13,16,8,2023/8/13,16:3,1,主要地方道－市道,1500,14,単路－その他,1,138.3199181,34.88218694
2,負傷,21,車両相互,1,晴,12,昼－昼,9-12時,1,日,0,30,2023,3,11,9,2023/9/3,11:30,1,,22240,14,単路－その他,1,138.2908089,34.84743889
2,負傷,21,車両相互,1,晴,12,昼－昼,9-12時,1,日,0,5,2023,22,9,10,2023/10/22,9:5,1,,10300,14,単路－その他,1,138.3023411,34.87103111
2,負傷,21,車両相互,1,晴,12,昼－昼,12-15時,1,日,0,27,2023,29,12,10,2023/10/29,12:27,1,,24160,14,単路－その他,1,138.3181031,34.84652111
2,負傷,21,車両相互,1,晴,12,昼－昼,12-15時,1,日,0,58,2023,19,12,11,2023/11/19,12:58,1,,22220,14,単路－その他,1,138.318915,34.86362611
2,負傷,21,車両相互,1,晴,12,昼－昼,9-12時,1,日,0,3,2023,22,10,1,2023/1/22,10:3,2,,37000,1,交差点－その他,1,138.31736,34.88274194
2,負傷,21,車両相互,1,晴,12,昼－昼,6-9時,1,日,0,58,2023,23,8,4,2023/4/23,8:58,2,,37000,1,交差点－その他,1,138.3177781,34.83530389
2,負傷,21,車両相互,1,晴,12,昼－昼,9-12時,1,日,0,15,2023,15,11,10,2023/10/15,11:15,2,,22240,1,交差点－その他,1,138.288305,34.85866111
2,負傷,21,車両相互,1,晴,12,昼－昼,12-15時,1,日,0,57,2023,15,12,10,2023/10/15,12:57,2,,37000,1,交差点－その他,1,138.3127239,34.83885111
2,負傷,21,車両相互,1,晴,12,昼－昼,12-15時,1,日,0,34,2023,1,14,10,2023/10/1,14:34,2,,37000,1,交差点－その他,1,138.3006789,34.84920306
2,負傷,21,車両相互,1,晴,12,昼－昼,12-15時,1,日,0,7,2023,8,12,10,2023/10/8,12:7,2,,10810,7,交差点付近－その他,1,138.3130631,34.87379889
2,負傷,21,車両相互,1,晴,12,昼－昼,15-18時,1,日,0,40,2023,9,16,7,2023/7/9,16:40,2,,37000,14,単路－その他,1,138.3108089,34.85748889
2,負傷,21,車両相互,1,晴,12,昼－昼,15-18時,1,日,0,37,2023,19,15,11,2023/11/19,15:37,2,主要地方道－市道,1500,14,単路－その他,1,138.322595,34.88425389
2,負傷,21,車両相互,1,晴,12,昼－昼,12-15時,1,日,0,30,2023,2,14,7,2023/7/2,14:30,3,,10340,1,交差点－その他,1,138.2549419,34.815185
2,負傷,21,車両相互,1,晴,12,昼－昼,15-18時,1,日,0,30,2023,29,15,1,2023/1/29,15:30,3,,10810,14,単路－その他,1,138.3047461,34.88102611
2,負傷,21,車両相互,1,晴,12,昼－昼,12-15時,2,月,0,53,2023,30,13,1,2023/1/30,13:53,1,,99000,0,一般交通の場所,1,138.282675,34.86248306
2,負傷,21,車両相互,1,晴,12,昼－昼,9-12時,2,月,0,1,2023,3,11,4,2023/4/3,11:1,1,,99000,0,一般交通の場所,1,138.3140331,34.86309889
2,負傷,21,車両相互,1,晴,12,昼－昼,9-12時,2,月,0,35,2023,10,11,7,2023/7/10,11:35,1,,99000,0,一般交通の場所,1,138.3088081,34.83923194
2,負傷,21,車両相互,1,晴,12,昼－昼,9-12時,2,月,0,20,2023,23,11,10,2023/10/23,11:20,1,,99000,0,一般交通の場所,1,138.3179161,34.84222194
2,負傷,21,車両相互,1,晴,12,昼－昼,6-9時,2,月,0,40,2023,30,8,1,2023/1/30,8:40,1,,37000,1,交差点－その他,1,138.2844111,34.84429
2,負傷,21,車両相互,1,晴,12,昼－昼,12-15時,2,月,0,30,2023,9,12,1,2023/1/9,12:30,1,,37000,1,交差点－その他,1,138.2923561,34.86828111
2,負傷,21,車両相互,1,晴,12,昼－昼,6-9時,2,月,0,25,2023,27,7,2,2023/2/27,7:25,1,,37000,1,交差点－その他,1,138.3072231,34.86236
2,負傷,21,車両相互,1,晴,12,昼－昼,6-9時,2,月,0,31,2023,27,7,2,2023/2/27,7:31,1,,37000,1,交差点－その他,1,138.3002769,34.80415694
2,負傷,21,車両相互,1,晴,12,昼－昼,9-12時,2,月,0,14,2023,20,9,2,2023/2/20,9:14,1,,37000,1,交差点－その他,1,138.26779,34.80394806
2,負傷,21,車両相互,1,晴,12,昼－昼,12-15時,2,月,0,33,2023,20,14,2,2023/2/20,14:33,1,,37000,1,交差点－その他,1,138.3182161,34.83048806
2,負傷,21,車両相互,1,晴,12,昼－昼,6-9時,2,月,0,8,2023,6,8,3,2023/3/6,8:8,1,,37000,1,交差点－その他,1,138.3017581,34.81900611
2,負傷,21,車両相互,1,晴,12,昼－昼,9-12時,2,月,0,55,2023,20,11,3,2023/3/20,11:55,1,,10310,1,交差点－その他,1,138.296215,34.79437306
2,負傷,21,車両相互,1,晴,12,昼－昼,12-15時,2,月,0,10,2023,27,12,3,2023/3/27,12:10,1,主要地方道－市道,1500,1,交差点－その他,1,138.3001381,34.84224889
2,負傷,21,車両相互,1,晴,12,昼－昼,15-18時,2,月,0,25,2023,20,15,3,2023/3/20,15:25,1,,37000,1,交差点－その他,1,138.3065869,34.856985
2,負傷,21,車両相互,1,晴,12,昼－昼,6-9時,2,月,0,27,2023,17,7,4,2023/4/17,7:27,1,,37000,1,交差点－その他,1,138.2688011,34.81117806
2,負傷,21,車両相互,1,晴,12,昼－昼,12-15時,2,月,0,25,2023,17,14,4,2023/4/17,14:25,1,,23550,1,交差点－その他,1,138.3156711,34.80399389
2,負傷,21,車両相互,1,晴,12,昼－昼,6-9時,2,月,0,30,2023,29,7,5,2023/5/29,7:30,1,,37000,1,交差点－その他,1,138.3237361,34.84856611
2,負傷,21,車両相互,1,晴,12,昼－昼,15-18時,2,月,0,11,2023,22,17,5,2023/5/22,17:11,1,,37000,1,交差点－その他,1,138.2826989,34.85983306
2,負傷,21,車両相互,1,晴,12,昼－昼,15-18時,2,月,0,0,2023,19,15,6,2023/6/19,15:0,1,,22220,1,交差点－その他,1,138.3146,34.86378306
2,負傷,21,車両相互,1,晴,12,昼－昼,15-18時,2,月,0,25,2023,5,17,6,2023/6/5,17:25,1,,37000,1,交差点－その他,1,138.3264711,34.82383889
2,負傷,21,車両相互,1,晴,12,昼－昼,6-9時,2,月,0,26,2023,3,7,7,2023/7/3,7:26,1,,24160,1,交差点－その他,1,138.31734,34.852585
2,負傷,21,車両相互,1,晴,12,昼－昼,6-9時,2,月,0,45,2023,24,7,7,2023/7/24,7:45,1,,10300,1,交差点－その他,1,138.317955,34.871365
2,負傷,21,車両相互,1,晴,12,昼－昼,6-9時,2,月,0,50,2023,24,7,7,2023/7/24,7:50,1,,37000,1,交差点－その他,1,138.282535,34.846665
2,負傷,21,車両相互,1,晴,12,昼－昼,9-12時,2,月,0,20,2023,24,9,7,2023/7/24,9:20,1,,22240,1,交差点－その他,1,138.2802111,34.86854694
2,負傷,21,車両相互,1,晴,12,昼－昼,15-18時,2,月,0,20,2023,31,16,7,2023/7/31,16:20,1,,37000,1,交差点－その他,1,138.2954061,34.829325
2,負傷,21,車両相互,1,晴,12,昼－昼,9-12時,2,月,0,45,2023,28,9,8,2023/8/28,9:45,1,,10300,1,交差点－その他,1,138.3049961,34.87060611
2,負傷,21,車両相互,1,晴,12,昼－昼,12-15時,2,月,0,37,2023,28,13,8,2023/8/28,13:37,1,,22220,1,交差点－その他,1,138.2870061,34.86221694
2,負傷,21,車両相互,1,晴,12,昼－昼,9-12時,2,月,0,10,2023,18,11,9,2023/9/18,11:10,1,,37000,1,交差点－その他,1,138.2811439,34.83210611
2,負傷,21,車両相互,1,晴,12,昼－昼,12-15時,2,月,0,10,2023,4,12,9,2023/9/4,12:10,1,主要地方道－市道,1500,1,交差点－その他,1,138.2926769,34.82413806
2,負傷,21,車両相互,1,晴,12,昼－昼,15-18時,2,月,0,1,2023,18,16,9,2023/9/18,16:1,1,主要地方道－市道,1500,1,交差点－その他,1,138.3208119,34.882915
2,負傷,21,車両相互,1,晴,12,昼－昼,6-9時,2,月,0,6,2023,23,7,10,2023/10/23,7:6,1,,24160,1,交差点－その他,1,138.3212489,34.86859611
2,負傷,21,車両相互,1,晴,12,昼－昼,12-15時,2,月,0,30,2023,30,14,10,2023/10/30,14:30,1,,37000,1,交差点－その他,1,138.3081681,34.79820611
2,負傷,21,車両相互,1,晴,12,昼－昼,6-9時,2,月,0,0,2023,20,8,11,2023/11/20,8:0,1,,37000,1,交差点－その他,1,138.3028489,34.859125
2,負傷,21,車両相互,1,晴,12,昼－昼,9-12時,2,月,0,27,2023,13,11,11,2023/11/13,11:27,1,,37000,1,交差点－その他,1,138.2759269,34.809985
2,負傷,21,車両相互,1,晴,12,昼－昼,12-15時,2,月,0,25,2023,6,12,11,2023/11/6,12:25,1,主要地方道－市道,1500,1,交差点－その他,1,138.2997081,34.84484889
2,負傷,21,車両相互,1,晴,12,昼－昼,9-12時,2,月,0,8,2023,4,9,12,2023/12/4,9:8,1,,37000,1,交差点－その他,1,138.325405,34.86501889
2,負傷,21,車両相互,1,晴,12,昼－昼,9-12時,2,月,0,20,2023,4,10,12,2023/12/4,10:20,1,,37000,1,交差点－その他,1,138.3107361,34.890525
2,負傷,21,車両相互,1,晴,12,昼－昼,12-15時,2,月,0,41,2023,25,12,12,2023/12/25,12:41,1,,37000,1,交差点－その他,1,138.3169531,34.87980694
2,負傷,21,車両相互,1,晴,12,昼－昼,9-12時,2,月,0,0,2023,29,9,5,2023/5/29,9:0,1,,37000,7,交差点付近－その他,1,138.26055,34.81962111
2,負傷,21,車両相互,1,晴,12,昼－昼,12-15時,2,月,0,1,2023,8,13,5,2023/5/8,13:1,1,,37000,7,交差点付近－その他,1,138.2853031,34.83573889
2,負傷,21,車両相互,1,晴,12,昼－昼,6-9時,2,月,0,42,2023,19,6,6,2023/6/19,6:42,1,主要地方道－市道,1500,7,交差点付近－その他,1,138.299995,34.84198806
2,負傷,21,車両相互,1,晴,12,昼－昼,6-9時,2,月,0,50,2023,19,7,6,2023/6/19,7:50,1,,37000,7,交差点付近－その他,1,138.2644581,34.80702306
2,負傷,21,車両相互,1,晴,12,昼－昼,9-12時,2,月,0,46,2023,5,11,6,2023/6/5,11:46,1,,10810,7,交差点付近－その他,1,138.3050361,34.88102306
2,負傷,21,車両相互,1,晴,12,昼－昼,15-18時,2,月,0,42,2023,10,15,7,2023/7/10,15:42,1,,37000,7,交差点付近－その他,1,138.316225,34.86752111
2,負傷,21,車両相互,1,晴,12,昼－昼,6-9時,2,月,0,15,2023,7,8,8,2023/8/7,8:15,1,主要地方道－市道,1500,7,交差点付近－その他,1,138.3056769,34.87771306
2,負傷,21,車両相互,1,晴,12,昼－昼,15-18時,2,月,0,10,2023,30,15,10,2023/10/30,15:10,1,,10810,7,交差点付近－その他,1,138.2965939,34.88474389
2,負傷,21,車両相互,1,晴,12,昼－昼,12-15時,2,月,0,27,2023,13,14,11,2023/11/13,14:27,1,,37000,7,交差点付近－その他,1,138.3069911,34.87044611
2,負傷,21,車両相互,1,晴,12,昼－昼,6-9時,2,月,0,54,2023,10,7,7,2023/7/10,7:54,1,,10300,12,単路－橋,1,138.2878719,34.87132806
2,負傷,21,車両相互,1,晴,12,昼－昼,12-15時,2,月,0,55,2023,1,12,5,2023/5/1,12:55,1,,37000,13,単路－カーブ・屈折,1,138.3074989,34.885015
2,負傷,21,車両相互,1,晴,12,昼－昼,6-9時,2,月,0,48,2023,6,7,2,2023/2/6,7:48,1,,37000,14,単路－その他,1,138.3131511,34.86043389
2,負傷,21,車両相互,1,晴,12,昼－昼,9-12時,2,月,0,0,2023,27,11,2,2023/2/27,11:0,1,主要地方道－市道,1500,14,単路－その他,1,138.2652639,34.80403306
2,負傷,21,車両相互,1,晴,12,昼－昼,9-12時,2,月,0,0,2023,27,11,2,2023/2/27,11:0,1,,37000,14,単路－その他,1,138.31894,34.86706889
2,負傷,21,車両相互,1,晴,12,昼－昼,9-12時,2,月,0,29,2023,20,9,3,2023/3/20,9:29,1,,10810,14,単路－その他,1,138.30808,34.88013111
2,負傷,21,車両相互,1,晴,12,昼－昼,15-18時,2,月,0,45,2023,17,16,4,2023/4/17,16:45,1,,37000,14,単路－その他,1,138.3236211,34.82764889
2,負傷,21,車両相互,1,晴,12,昼－昼,6-9時,2,月,0,21,2023,1,8,5,2023/5/1,8:21,1,,37000,14,単路－その他,1,138.30398,34.87059389
2,負傷,21,車両相互,1,晴,12,昼－昼,15-18時,2,月,0,35,2023,22,17,5,2023/5/22,17:35,1,,24160,14,単路－その他,1,138.3178619,34.84860306
2,負傷,21,車両相互,1,晴,12,昼－昼,6-9時,2,月,0,40,2023,24,7,7,2023/7/24,7:40,1,,37000,14,単路－その他,1,138.2722589,34.79842
2,負傷,21,車両相互,1,晴,12,昼－昼,12-15時,2,月,0,16,2023,31,12,7,2023/7/31,12:16,1,,37000,14,単路－その他,1,138.308735,34.85079611
2,負傷,21,車両相互,1,晴,12,昼－昼,6-9時,2,月,0,7,2023,23,8,10,2023/10/23,8:7,1,,24160,14,単路－その他,1,138.3207469,34.86782389
2,負傷,21,車両相互,1,晴,12,昼－昼,6-9時,2,月,0,40,2023,13,7,11,2023/11/13,7:40,1,,23550,14,単路－その他,1,138.3135989,34.80158611
2,負傷,21,車両相互,1,晴,12,昼－昼,6-9時,2,月,0,48,2023,4,7,12,2023/12/4,7:48,1,,10340,14,単路－その他,1,138.2527389,34.81326889
2,負傷,21,車両相互,1,晴,12,昼－昼,15-18時,2,月,0,0,2023,19,15,6,2023/6/19,15:0,2,,99000,0,一般交通の場所,1,138.3178719,34.85388306
2,負傷,21,車両相互,1,晴,12,昼－昼,6-9時,2,月,0,44,2023,17,8,4,2023/4/17,8:44,2,,37000,1,交差点－その他,1,138.30818,34.88123306
2,負傷,21,車両相互,1,晴,12,昼－昼,12-15時,2,月,0,30,2023,8,14,5,2023/5/8,14:30,2,,37000,1,交差点－その他,1,138.2896711,34.85767111
2,負傷,21,車両相互,1,晴,12,昼－昼,6-9時,2,月,0,40,2023,31,8,7,2023/7/31,8:40,2,,37000,1,交差点－その他,1,138.2858789,34.81351611
2,負傷,21,車両相互,1,晴,12,昼－昼,9-12時,2,月,0,34,2023,10,10,7,2023/7/10,10:34,2,,24160,1,交差点－その他,1,138.31146,34.83724806
2,負傷,21,車両相互,1,晴,12,昼－昼,6-9時,2,月,0,10,2023,30,8,10,2023/10/30,8:10,2,,37000,1,交差点－その他,1,138.3173761,34.88273194
2,負傷,21,車両相互,1,晴,12,昼－昼,9-12時,2,月,0,55,2023,23,10,10,2023/10/23,10:55,2,,37000,1,交差点－その他,1,138.3057061,34.87834694
2,負傷,21,車両相互,1,晴,12,昼－昼,9-12時,2,月,0,55,2023,6,10,11,2023/11/6,10:55,2,,22220,1,交差点－その他,1,138.3071011,34.86371194
2,負傷,21,車両相互,1,晴,12,昼－昼,12-15時,2,月,0,37,2023,6,14,3,2023/3/6,14:37,2,,10810,14,単路－その他,1,138.2977839,34.88410806
2,負傷,21,車両相互,1,晴,12,昼－昼,12-15時,2,月,0,51,2023,15,12,5,2023/5/15,12:51,2,主要地方道－市道,1500,14,単路－その他,1,138.2876681,34.82231694
2,負傷,21,車両相互,1,晴,12,昼－昼,12-15時,2,月,0,23,2023,4,14,9,2023/9/4,14:23,2,,22220,14,単路－その他,1,138.2858231,34.86181889
2,負傷,21,車両相互,1,晴,12,昼－昼,12-15時,2,月,0,31,2023,18,14,9,2023/9/18,14:31,2,,24160,14,単路－その他,1,138.3177989,34.84998694
2,負傷,21,車両相互,1,晴,12,昼－昼,15-18時,2,月,0,5,2023,6,15,11,2023/11/6,15:5,2,主要地方道－市道,1500,14,単路－その他,1,138.3111931,34.87904194
2,負傷,21,車両相互,1,晴,12,昼－昼,15-18時,2,月,0,9,2023,27,16,2,2023/2/27,16:9,3,主要地方道－市道,1500,14,単路－その他,1,138.2691889,34.80745389
2,負傷,21,車両相互,1,晴,12,昼－昼,6-9時,2,月,0,1,2023,5,7,6,2023/6/5,7:1,4,,37000,1,交差点－その他,1,138.2953831,34.82930889
2,負傷,21,車両相互,1,晴,12,昼－昼,9-12時,2,月,0,46,2023,10,10,7,2023/7/10,10:46,4,,37000,1,交差点－その他,1,138.3125861,34.84123111
2,負傷,21,車両相互,1,晴,12,昼－昼,12-15時,3,火,0,34,2023,21,13,2,2023/2/21,13:34,1,,42710,0,一般交通の場所,1,138.3178561,34.88957889
2,負傷,21,車両相互,1,晴,12,昼－昼,6-9時,3,火,0,38,2023,4,7,7,2023/7/4,7:38,1,,99000,0,一般交通の場所,1,138.29456,34.85343111
2,負傷,21,車両相互,1,晴,12,昼－昼,9-12時,3,火,0,15,2023,29,11,8,2023/8/29,11:15,1,,99000,0,一般交通の場所,1,138.2986611,34.87510611
2,負傷,21,車両相互,1,晴,12,昼－昼,6-9時,3,火,0,53,2023,24,7,1,2023/1/24,7:53,1,,24160,1,交差点－その他,1,138.3283911,34.87857694
2,負傷,21,車両相互,1,晴,12,昼－昼,12-15時,3,火,0,55,2023,31,14,1,2023/1/31,14:55,1,主要地方道－市道,1500,1,交差点－その他,1,138.2942019,34.82515111
2,負傷,21,車両相互,1,晴,12,昼－昼,15-18時,3,火,0,29,2023,10,15,1,2023/1/10,15:29,1,主要地方道－市道,1500,1,交差点－その他,1,138.3109561,34.87909111
2,負傷,21,車両相互,1,晴,12,昼－昼,9-12時,3,火,0,5,2023,28,9,2,2023/2/28,9:5,1,,10340,1,交差点－その他,1,138.254865,34.81515694
2,負傷,21,車両相互,1,晴,12,昼－昼,9-12時,3,火,0,0,2023,28,11,2,2023/2/28,11:0,1,,37000,1,交差点－その他,1,138.2880211,34.78217806
2,負傷,21,車両相互,1,晴,12,昼－昼,15-18時,3,火,0,30,2023,21,15,2,2023/2/21,15:30,1,,37000,1,交差点－その他,1,138.2954511,34.82932694
2,負傷,21,車両相互,1,晴,12,昼－昼,6-9時,3,火,0,20,2023,28,8,3,2023/3/28,8:20,1,,10300,1,交差点－その他,1,138.2979189,34.87112111
2,負傷,21,車両相互,1,晴,12,昼－昼,6-9時,3,火,0,20,2023,11,7,4,2023/4/11,7:20,1,主要地方道－市道,1500,1,交差点－その他,1,138.3010339,34.82987611
2,負傷,21,車両相互,1,晴,12,昼－昼,12-15時,3,火,0,31,2023,4,14,4,2023/4/4,14:31,1,,37000,1,交差点－その他,1,138.3167939,34.85616194
2,負傷,21,車両相互,1,晴,12,昼－昼,6-9時,3,火,0,37,2023,16,7,5,2023/5/16,7:37,1,,37000,1,交差点－その他,1,138.287245,34.84251111
2,負傷,21,車両相互,1,晴,12,昼－昼,6-9時,3,火,0,50,2023,16,7,5,2023/5/16,7:50,1,,37000,1,交差点－その他,1,138.2985981,34.88016111
2,負傷,21,車両相互,1,晴,12,昼－昼,12-15時,3,火,0,57,2023,9,12,5,2023/5/9,12:57,1,,37000,1,交差点－その他,1,138.3163681,34.84019
2,負傷,21,車両相互,1,晴,12,昼－昼,6-9時,3,火,0,0,2023,27,6,6,2023/6/27,6:0,1,,37000,1,交差点－その他,1,138.2869569,34.86204
2,負傷,21,車両相互,1,晴,12,昼－昼,12-15時,3,火,0,20,2023,20,14,6,2023/6/20,14:20,1,,37000,1,交差点－その他,1,138.3182189,34.85854306
2,負傷,21,車両相互,1,晴,12,昼－昼,6-9時,3,火,0,55,2023,18,6,7,2023/7/18,6:55,1,,37000,1,交差点－その他,1,138.287815,34.78534306
2,負傷,21,車両相互,1,晴,12,昼－昼,6-9時,3,火,0,40,2023,18,7,7,2023/7/18,7:40,1,,37000,1,交差点－その他,1,138.3024361,34.85429889
2,負傷,21,車両相互,1,晴,12,昼－昼,15-18時,3,火,0,54,2023,25,17,7,2023/7/25,17:54,1,,37000,1,交差点－その他,1,138.302435,34.87751306
2,負傷,21,車両相互,1,晴,12,昼－昼,6-9時,3,火,0,52,2023,8,7,8,2023/8/8,7:52,1,,37000,1,交差点－その他,1,138.28892,34.83706
2,負傷,21,車両相互,1,晴,12,昼－昼,6-9時,3,火,0,45,2023,22,7,8,2023/8/22,7:45,1,,37000,1,交差点－その他,1,138.3062481,34.85931111
2,負傷,21,車両相互,1,晴,12,昼－昼,12-15時,3,火,0,43,2023,8,14,8,2023/8/8,14:43,1,,37000,1,交差点－その他,1,138.3113239,34.83880389
2,負傷,21,車両相互,1,晴,12,昼－昼,6-9時,3,火,0,32,2023,5,7,9,2023/9/5,7:32,1,,37000,1,交差点－その他,1,138.3023211,34.84013
2,負傷,21,車両相互,1,晴,12,昼－昼,6-9時,3,火,0,51,2023,19,7,9,2023/9/19,7:51,1,主要地方道－市道,1500,1,交差点－その他,1,138.29968,34.85090694
2,負傷,21,車両相互,1,晴,12,昼－昼,12-15時,3,火,0,50,2023,26,14,9,2023/9/26,14:50,1,主要地方道－市道,1500,1,交差点－その他,1,138.3012031,34.85946111
2,負傷,21,車両相互,1,晴,12,昼－昼,15-18時,3,火,0,12,2023,19,16,9,2023/9/19,16:12,1,,22220,1,交差点－その他,1,138.3011389,34.86314806
2,負傷,21,車両相互,1,晴,12,昼－昼,6-9時,3,火,0,40,2023,17,8,10,2023/10/17,8:40,1,,22220,1,交差点－その他,1,138.2839061,34.86146389
2,負傷,21,車両相互,1,晴,12,昼－昼,15-18時,3,火,0,36,2023,3,15,10,2023/10/3,15:36,1,,37000,1,交差点－その他,1,138.3101319,34.84272
2,負傷,21,車両相互,1,晴,12,昼－昼,12-15時,3,火,0,24,2023,28,12,11,2023/11/28,12:24,1,,37000,1,交差点－その他,1,138.3043,34.84240806
2,負傷,21,車両相互,1,晴,12,昼－昼,15-18時,3,火,0,10,2023,28,15,11,2023/11/28,15:10,1,,37000,1,交差点－その他,1,138.2832561,34.83587611
2,負傷,21,車両相互,1,晴,12,昼－昼,9-12時,3,火,0,30,2023,19,11,12,2023/12/19,11:30,1,,37000,1,交差点－その他,1,138.3114269,34.85807806
2,負傷,21,車両相互,1,晴,12,昼－昼,12-15時,3,火,0,4,2023,19,12,12,2023/12/19,12:4,1,,37000,1,交差点－その他,1,138.3268611,34.83471889
2,負傷,21,車両相互,1,晴,12,昼－昼,9-12時,3,火,0,30,2023,25,11,4,2023/4/25,11:30,1,,37000,7,交差点付近－その他,1,138.3041789,34.86049194
2,負傷,21,車両相互,1,晴,12,昼－昼,12-15時,3,火,0,24,2023,1,13,8,2023/8/1,13:24,1,主要地方道－市道,1500,7,交差点付近－その他,1,138.27388,34.811485
2,負傷,21,車両相互,1,晴,12,昼－昼,6-9時,3,火,0,0,2023,19,8,9,2023/9/19,8:0,1,,37000,7,交差点付近－その他,1,138.2871189,34.84960389
2,負傷,21,車両相互,1,晴,12,昼－昼,6-9時,3,火,0,47,2023,19,8,9,2023/9/19,8:47,1,,37000,7,交差点付近－その他,1,138.3092331,34.86421
2,負傷,21,車両相互,1,晴,12,昼－昼,9-12時,3,火,0,2,2023,26,9,9,2023/9/26,9:2,1,主要地方道－市道,1500,7,交差点付近－その他,1,138.2995361,34.87013611
2,負傷,21,車両相互,1,晴,12,昼－昼,9-12時,3,火,0,10,2023,26,9,9,2023/9/26,9:10,1,主要地方道－市道,1500,7,交差点付近－その他,1,138.279375,34.81626194
2,負傷,21,車両相互,1,晴,12,昼－昼,12-15時,3,火,0,0,2023,17,14,10,2023/10/17,14:0,1,,37000,7,交差点付近－その他,1,138.31262,34.85952611
2,負傷,21,車両相互,1,晴,12,昼－昼,9-12時,3,火,0,50,2023,10,9,1,2023/1/10,9:50,1,,10300,14,単路－その他,1,138.3033231,34.87095889
2,負傷,21,車両相互,1,晴,12,昼－昼,6-9時,3,火,0,40,2023,21,7,2,2023/2/21,7:40,1,,37000,14,単路－その他,1,138.3119911,34.859435
2,負傷,21,車両相互,1,晴,12,昼－昼,9-12時,3,火,0,10,2023,7,10,3,2023/3/7,10:10,1,,37000,14,単路－その他,1,138.3017061,34.85948111
2,負傷,21,車両相互,1,晴,12,昼－昼,15-18時,3,火,0,5,2023,25,15,4,2023/4/25,15:5,1,,37000,14,単路－その他,1,138.2969589,34.85398
2,負傷,21,車両相互,1,晴,12,昼－昼,9-12時,3,火,0,40,2023,16,9,5,2023/5/16,9:40,1,,37000,14,単路－その他,1,138.3111389,34.85783
2,負傷,21,車両相互,1,晴,12,昼－昼,12-15時,3,火,0,20,2023,9,12,5,2023/5/9,12:20,1,,22240,14,単路－その他,1,138.2887939,34.85387389
2,負傷,21,車両相互,1,晴,12,昼－昼,9-12時,3,火,0,15,2023,13,11,6,2023/6/13,11:15,1,主要地方道－市道,1500,14,単路－その他,1,138.26172,34.80089306
2,負傷,21,車両相互,1,晴,12,昼－昼,6-9時,3,火,0,0,2023,4,7,7,2023/7/4,7:0,1,主要地方道－市道,1500,14,単路－その他,1,138.2730119,34.81071389
2,負傷,21,車両相互,1,晴,12,昼－昼,6-9時,3,火,0,20,2023,22,7,8,2023/8/22,7:20,1,,37000,14,単路－その他,1,138.3187581,34.81563389
2,負傷,21,車両相互,1,晴,12,昼－昼,9-12時,3,火,0,46,2023,29,9,8,2023/8/29,9:46,1,主要地方道－市道,1500,14,単路－その他,1,138.2970831,34.82718694
2,負傷,21,車両相互,1,晴,12,昼－昼,15-18時,3,火,0,55,2023,8,15,8,2023/8/8,15:55,1,,37000,14,単路－その他,1,138.3132189,34.86082806
2,負傷,21,車両相互,1,晴,12,昼－昼,6-9時,3,火,0,14,2023,19,8,9,2023/9/19,8:14,1,,22220,14,単路－その他,1,138.3047061,34.86355
2,負傷,21,車両相互,1,晴,12,昼－昼,9-12時,3,火,0,20,2023,17,11,10,2023/10/17,11:20,1,,24160,14,単路－その他,1,138.3259769,34.875595
2,負傷,21,車両相互,1,晴,12,昼－昼,15-18時,3,火,0,30,2023,26,15,12,2023/12/26,15:30,1,,37000,14,単路－その他,1,138.2892639,34.86809111
2,負傷,21,車両相互,1,晴,12,昼－昼,9-12時,3,火,0,30,2023,27,10,6,2023/6/27,10:30,2,,99000,0,一般交通の場所,1,138.2949531,34.83895306
2,負傷,21,車両相互,1,晴,12,昼－昼,12-15時,3,火,0,49,2023,21,13,11,2023/11/21,13:49,2,,99000,0,一般交通の場所,1,138.2739219,34.81177
2,負傷,21,車両相互,1,晴,12,昼－昼,9-12時,3,火,0,54,2023,14,9,2,2023/2/14,9:54,2,,22240,1,交差点－その他,1,138.2932189,34.84254194
2,負傷,21,車両相互,1,晴,12,昼－昼,12-15時,3,火,0,32,2023,10,14,1,2023/1/10,14:32,2,,37000,14,単路－その他,1,138.2934811,34.84260194
2,負傷,21,車両相互,1,晴,12,昼－昼,12-15時,3,火,0,15,2023,31,14,1,2023/1/31,14:15,2,主要地方道－市道,1500,14,単路－その他,1,138.2734511,34.81116389
2,負傷,21,車両相互,1,晴,12,昼－昼,12-15時,3,火,0,17,2023,19,12,9,2023/9/19,12:17,2,,37000,14,単路－その他,1,138.315755,34.82954306
2,負傷,21,車両相互,1,晴,12,昼－昼,12-15時,3,火,0,37,2023,1,14,8,2023/8/1,14:37,5,,37000,1,交差点－その他,1,138.3125689,34.84121389
2,負傷,21,車両相互,1,晴,12,昼－昼,15-18時,4,水,0,50,2023,22,16,3,2023/3/22,16:50,1,,99000,0,一般交通の場所,1,138.2849481,34.82807806
2,負傷,21,車両相互,1,晴,12,昼－昼,6-9時,4,水,0,43,2023,11,8,1,2023/1/11,8:43,1,,37000,1,交差点－その他,1,138.3032461,34.86641
2,負傷,21,車両相互,1,晴,12,昼－昼,9-12時,4,水,0,45,2023,11,9,1,2023/1/11,9:45,1,,24160,1,交差点－その他,1,138.31766,34.84143889
2,負傷,21,車両相互,1,晴,12,昼－昼,15-18時,4,水,0,25,2023,18,15,1,2023/1/18,15:25,1,,37000,1,交差点－その他,1,138.3118619,34.86156194
2,負傷,21,車両相互,1,晴,12,昼－昼,9-12時,4,水,0,13,2023,8,10,2,2023/2/8,10:13,1,,22270,1,交差点－その他,1,138.2938839,34.79863806
2,負傷,21,車両相互,1,晴,12,昼－昼,9-12時,4,水,0,25,2023,22,10,3,2023/3/22,10:25,1,,37000,1,交差点－その他,1,138.3125819,34.84122806
2,負傷,21,車両相互,1,晴,12,昼－昼,12-15時,4,水,0,47,2023,29,12,3,2023/3/29,12:47,1,,10300,1,交差点－その他,1,138.3151669,34.87321694
2,負傷,21,車両相互,1,晴,12,昼－昼,15-18時,4,水,0,24,2023,29,15,3,2023/3/29,15:24,1,,22130,1,交差点－その他,1,138.31317,34.88474694
2,負傷,21,車両相互,1,晴,12,昼－昼,15-18時,4,水,0,39,2023,5,15,4,2023/4/5,15:39,1,,37000,1,交差点－その他,1,138.3069861,34.864945
2,負傷,21,車両相互,1,晴,12,昼－昼,6-9時,4,水,0,55,2023,17,8,5,2023/5/17,8:55,1,,37000,1,交差点－その他,1,138.2927369,34.80836889
2,負傷,21,車両相互,1,晴,12,昼－昼,15-18時,4,水,0,40,2023,10,16,5,2023/5/10,16:40,1,,37000,1,交差点－その他,1,138.325195,34.81598306
2,負傷,21,車両相互,1,晴,12,昼－昼,6-9時,4,水,0,33,2023,7,6,6,2023/6/7,6:33,1,,37000,1,交差点－その他,1,138.2923081,34.82953611
2,負傷,21,車両相互,1,晴,12,昼－昼,6-9時,4,水,0,40,2023,7,7,6,2023/6/7,7:40,1,,37000,1,交差点－その他,1,138.2713411,34.81558389
2,負傷,21,車両相互,1,晴,12,昼－昼,6-9時,4,水,0,50,2023,14,7,6,2023/6/14,7:50,1,,37000,1,交差点－その他,1,138.2962639,34.80640306
2,負傷,21,車両相互,1,晴,12,昼－昼,9-12時,4,水,0,49,2023,7,11,6,2023/6/7,11:49,1,,37000,1,交差点－その他,1,138.2843219,34.83298889
2,負傷,21,車両相互,1,晴,12,昼－昼,12-15時,4,水,0,5,2023,21,13,6,2023/6/21,13:5,1,,37000,1,交差点－その他,1,138.3127839,34.84859
2,負傷,21,車両相互,1,晴,12,昼－昼,12-15時,4,水,0,0,2023,28,13,6,2023/6/28,13:0,1,,37000,1,交差点－その他,1,138.3072211,34.88202694
2,負傷,21,車両相互,1,晴,12,昼－昼,12-15時,4,水,0,25,2023,28,13,6,2023/6/28,13:25,1,,37000,1,交差点－その他,1,138.3060039,34.87908111
2,負傷,21,車両相互,1,晴,12,昼－昼,12-15時,4,水,0,35,2023,19,14,7,2023/7/19,14:35,1,,10310,1,交差点－その他,1,138.318275,34.82933111
2,負傷,21,車両相互,1,晴,12,昼－昼,15-18時,4,水,0,50,2023,19,15,7,2023/7/19,15:50,1,,24160,1,交差点－その他,1,138.3177081,34.84300694
2,負傷,21,車両相互,1,晴,12,昼－昼,15-18時,4,水,0,24,2023,19,17,7,2023/7/19,17:24,1,主要地方道－市道,1500,1,交差点－その他,1,138.3024411,34.825
2,負傷,21,車両相互,1,晴,12,昼－昼,12-15時,4,水,0,55,2023,23,13,8,2023/8/23,13:55,1,,22270,1,交差点－その他,1,138.2676619,34.82038389
2,負傷,21,車両相互,1,晴,12,昼－昼,12-15時,4,水,0,52,2023,27,14,9,2023/9/27,14:52,1,,37000,1,交差点－その他,1,138.2835161,34.85522306
2,負傷,21,車両相互,1,晴,12,昼－昼,9-12時,4,水,0,54,2023,18,11,10,2023/10/18,11:54,1,,37000,1,交差点－その他,1,138.2827469,34.86388
2,負傷,21,車両相互,1,晴,12,昼－昼,6-9時,4,水,0,50,2023,13,7,12,2023/12/13,7:50,1,,37000,1,交差点－その他,1,138.2927311,34.87236389
2,負傷,21,車両相互,1,晴,12,昼－昼,12-15時,4,水,0,17,2023,27,13,12,2023/12/27,13:17,1,,37000,1,交差点－その他,1,138.300525,34.78735111
2,負傷,21,車両相互,1,晴,12,昼－昼,6-9時,4,水,0,22,2023,26,7,7,2023/7/26,7:22,1,主要地方道－市道,1500,7,交差点付近－その他,1,138.2995181,34.87442611
2,負傷,21,車両相互,1,晴,12,昼－昼,9-12時,4,水,0,33,2023,18,11,10,2023/10/18,11:33,1,,37000,7,交差点付近－その他,1,138.2840819,34.84771694
2,負傷,21,車両相互,1,晴,12,昼－昼,12-15時,4,水,0,50,2023,13,12,12,2023/12/13,12:50,1,主要地方道－市道,1500,7,交差点付近－その他,1,138.3001561,34.85417389
2,負傷,21,車両相互,1,晴,12,昼－昼,9-12時,4,水,0,20,2023,15,11,3,2023/3/15,11:20,1,,22240,14,単路－その他,1,138.2887769,34.85307111
2,負傷,21,車両相互,1,晴,12,昼－昼,15-18時,4,水,0,30,2023,1,15,3,2023/3/1,15:30,1,主要地方道－市道,1500,14,単路－その他,1,138.3005381,34.86589
2,負傷,21,車両相互,1,晴,12,昼－昼,15-18時,4,水,0,45,2023,29,16,3,2023/3/29,16:45,1,,37000,14,単路－その他,1,138.3046731,34.84237611
2,負傷,21,車両相互,1,晴,12,昼－昼,6-9時,4,水,0,24,2023,10,7,5,2023/5/10,7:24,1,,22270,14,単路－その他,1,138.29243,34.799515
2,負傷,21,車両相互,1,晴,12,昼－昼,15-18時,4,水,0,37,2023,3,16,5,2023/5/3,16:37,1,,22240,14,単路－その他,1,138.2871719,34.861685
2,負傷,21,車両相互,1,晴,12,昼－昼,15-18時,4,水,0,30,2023,17,16,5,2023/5/17,16:30,1,主要地方道－市道,1502,14,単路－その他,1,138.26471,34.80346889
2,負傷,21,車両相互,1,晴,12,昼－昼,15-18時,4,水,0,34,2023,24,17,5,2023/5/24,17:34,1,主要地方道－市道,1500,14,単路－その他,1,138.2994789,34.86967
2,負傷,21,車両相互,1,晴,12,昼－昼,12-15時,4,水,0,30,2023,28,13,6,2023/6/28,13:30,1,,37000,14,単路－その他,1,138.272785,34.81196111
2,負傷,21,車両相互,1,晴,12,昼－昼,15-18時,4,水,0,15,2023,21,16,6,2023/6/21,16:15,1,,37000,14,単路－その他,1,138.2939881,34.84147694
2,負傷,21,車両相互,1,晴,12,昼－昼,6-9時,4,水,0,39,2023,2,7,8,2023/8/2,7:39,1,,37000,14,単路－その他,1,138.2661569,34.80534889
2,負傷,21,車両相互,1,晴,12,昼－昼,9-12時,4,水,0,10,2023,22,10,11,2023/11/22,10:10,1,,22220,14,単路－その他,1,138.2867711,34.86255611
2,負傷,21,車両相互,1,晴,12,昼－昼,9-12時,4,水,0,20,2023,23,10,8,2023/8/23,10:20,2,,99000,0,一般交通の場所,1,138.3069239,34.83657889
2,負傷,21,車両相互,1,晴,12,昼－昼,9-12時,4,水,0,18,2023,4,11,1,2023/1/4,11:18,2,,37000,1,交差点－その他,1,138.2968431,34.87925611
2,負傷,21,車両相互,1,晴,12,昼－昼,12-15時,4,水,0,33,2023,21,13,6,2023/6/21,13:33,2,,37000,1,交差点－その他,1,138.2800161,34.80730806
2,負傷,21,車両相互,1,晴,12,昼－昼,9-12時,4,水,0,14,2023,18,11,10,2023/10/18,11:14,2,,37000,1,交差点－その他,1,138.3127069,34.83883
2,負傷,21,車両相互,1,晴,12,昼－昼,15-18時,4,水,0,20,2023,13,15,12,2023/12/13,15:20,2,,37000,1,交差点－その他,1,138.32029,34.84915889
2,負傷,21,車両相互,1,晴,12,昼－昼,12-15時,4,水,0,5,2023,18,13,10,2023/10/18,13:5,2,主要地方道－市道,1500,14,単路－その他,1,138.323805,34.88546389
2,負傷,21,車両相互,1,晴,12,昼－昼,15-18時,4,水,0,33,2023,21,17,6,2023/6/21,17:33,3,,37000,1,交差点－その他,1,138.28583,34.85733111
2,負傷,21,車両相互,1,晴,12,昼－昼,15-18時,4,水,0,44,2023,30,16,8,2023/8/30,16:44,3,,37000,1,交差点－その他,1,138.2923111,34.82955611
2,負傷,21,車両相互,1,晴,12,昼－昼,15-18時,4,水,0,25,2023,17,17,5,2023/5/17,17:25,5,,37000,1,交差点－その他,1,138.3045561,34.79753
2,負傷,21,車両相互,1,晴,12,昼－昼,6-9時,5,木,0,0,2023,20,8,4,2023/4/20,8:0,1,,99000,0,一般交通の場所,1,138.2973831,34.871435
2,負傷,21,車両相互,1,晴,12,昼－昼,6-9時,5,木,0,25,2023,11,7,5,2023/5/11,7:25,1,,99000,0,一般交通の場所,1,138.3189989,34.81691194
2,負傷,21,車両相互,1,晴,12,昼－昼,6-9時,5,木,0,23,2023,5,8,1,2023/1/5,8:23,1,,37000,1,交差点－その他,1,138.3132481,34.85430694
2,負傷,21,車両相互,1,晴,12,昼－昼,9-12時,5,木,0,24,2023,12,10,1,2023/1/12,10:24,1,,10810,1,交差点－その他,1,138.3050511,34.88096
2,負傷,21,車両相互,1,晴,12,昼－昼,9-12時,5,木,0,47,2023,12,10,1,2023/1/12,10:47,1,,37000,1,交差点－その他,1,138.3112319,34.85298806
2,負傷,21,車両相互,1,晴,12,昼－昼,12-15時,5,木,0,10,2023,30,14,3,2023/3/30,14:10,1,,37000,1,交差点－その他,1,138.3157539,34.84155111
2,負傷,21,車両相互,1,晴,12,昼－昼,9-12時,5,木,0,48,2023,27,10,4,2023/4/27,10:48,1,主要地方道－市道,1500,1,交差点－その他,1,138.3007789,34.85706389
2,負傷,21,車両相互,1,晴,12,昼－昼,6-9時,5,木,0,25,2023,4,8,5,2023/5/4,8:25,1,,37000,1,交差点－その他,1,138.3058219,34.86421111
2,負傷,21,車両相互,1,晴,12,昼－昼,6-9時,5,木,0,0,2023,11,8,5,2023/5/11,8:0,1,,37000,1,交差点－その他,1,138.29094,34.84308
2,負傷,21,車両相互,1,晴,12,昼－昼,6-9時,5,木,0,8,2023,18,8,5,2023/5/18,8:8,1,,10300,1,交差点－その他,1,138.3168489,34.86761
2,負傷,21,車両相互,1,晴,12,昼－昼,9-12時,5,木,0,50,2023,25,11,5,2023/5/25,11:50,1,,37000,1,交差点－その他,1,138.3203439,34.82673111
2,負傷,21,車両相互,1,晴,12,昼－昼,6-9時,5,木,0,40,2023,29,8,6,2023/6/29,8:40,1,,37000,1,交差点－その他,1,138.3335711,34.84222806
2,負傷,21,車両相互,1,晴,12,昼－昼,9-12時,5,木,0,25,2023,1,9,6,2023/6/1,9:25,1,,37000,1,交差点－その他,1,138.29857,34.85932694
2,負傷,21,車両相互,1,晴,12,昼－昼,15-18時,5,木,0,25,2023,20,15,7,2023/7/20,15:25,1,,37000,1,交差点－その他,1,138.30784,34.84261611
2,負傷,21,車両相互,1,晴,12,昼－昼,6-9時,5,木,0,25,2023,3,7,8,2023/8/3,7:25,1,,22240,1,交差点－その他,1,138.2910181,34.84680111
2,負傷,21,車両相互,1,晴,12,昼－昼,6-9時,5,木,0,25,2023,17,7,8,2023/8/17,7:25,1,,37000,1,交差点－その他,1,138.2846189,34.84286389
2,負傷,21,車両相互,1,晴,12,昼－昼,9-12時,5,木,0,45,2023,17,9,8,2023/8/17,9:45,1,,37000,1,交差点－その他,1,138.2931239,34.83525611
2,負傷,21,車両相互,1,晴,12,昼－昼,12-15時,5,木,0,50,2023,31,12,8,2023/8/31,12:50,1,,37000,1,交差点－その他,1,138.3000431,34.86316889
2,負傷,21,車両相互,1,晴,12,昼－昼,9-12時,5,木,0,0,2023,28,10,9,2023/9/28,10:0,1,,37000,1,交差点－その他,1,138.3175011,34.83906
2,負傷,21,車両相互,1,晴,12,昼－昼,6-9時,5,木,0,10,2023,12,7,10,2023/10/12,7:10,1,主要地方道－市道,1500,1,交差点－その他,1,138.2636431,34.80246306
2,負傷,21,車両相互,1,晴,12,昼－昼,6-9時,5,木,0,18,2023,12,8,10,2023/10/12,8:18,1,,37000,1,交差点－その他,1,138.2850619,34.86513806
2,負傷,21,車両相互,1,晴,12,昼－昼,9-12時,5,木,0,26,2023,5,9,10,2023/10/5,9:26,1,主要地方道－市道,1501,1,交差点－その他,1,138.3109439,34.81630389
2,負傷,21,車両相互,1,晴,12,昼－昼,6-9時,5,木,0,40,2023,2,7,11,2023/11/2,7:40,1,,22240,1,交差点－その他,1,138.2833561,34.86568389
2,負傷,21,車両相互,1,晴,12,昼－昼,6-9時,5,木,0,51,2023,16,7,11,2023/11/16,7:51,1,,10300,1,交差点－その他,1,138.2836811,34.87126194
2,負傷,21,車両相互,1,晴,12,昼－昼,6-9時,5,木,0,23,2023,9,8,11,2023/11/9,8:23,1,,24160,1,交差点－その他,1,138.3071369,34.83489389
2,負傷,21,車両相互,1,晴,12,昼－昼,6-9時,5,木,0,16,2023,30,8,11,2023/11/30,8:16,1,,10300,1,交差点－その他,1,138.2821581,34.87123889
2,負傷,21,車両相互,1,晴,12,昼－昼,12-15時,5,木,0,10,2023,16,12,11,2023/11/16,12:10,1,,10310,1,交差点－その他,1,138.2899681,34.79134806
2,負傷,21,車両相互,1,晴,12,昼－昼,12-15時,5,木,0,34,2023,23,14,11,2023/11/23,14:34,1,,10810,1,交差点－その他,1,138.3051331,34.88088611
2,負傷,21,車両相互,1,晴,12,昼－昼,12-15時,5,木,0,17,2023,30,14,11,2023/11/30,14:17,1,,24160,1,交差点－その他,1,138.3301561,34.88003194
2,負傷,21,車両相互,1,晴,12,昼－昼,12-15時,5,木,0,25,2023,28,12,12,2023/12/28,12:25,1,,37000,1,交差点－その他,1,138.3242139,34.82367111
2,負傷,21,車両相互,1,晴,12,昼－昼,12-15時,5,木,0,0,2023,21,13,12,2023/12/21,13:0,1,,37000,1,交差点－その他,1,138.3080089,34.84431611
2,負傷,21,車両相互,1,晴,12,昼－昼,15-18時,5,木,0,48,2023,23,15,2,2023/2/23,15:48,1,,24160,7,交差点付近－その他,1,138.3242839,34.87353194
2,負傷,21,車両相互,1,晴,12,昼－昼,9-12時,5,木,0,30,2023,2,11,3,2023/3/2,11:30,1,,24160,7,交差点付近－その他,1,138.3180319,34.84571389
2,負傷,21,車両相互,1,晴,12,昼－昼,15-18時,5,木,0,10,2023,20,16,4,2023/4/20,16:10,1,,37000,7,交差点付近－その他,1,138.3091439,34.86657889
2,負傷,21,車両相互,1,晴,12,昼－昼,15-18時,5,木,0,3,2023,27,16,4,2023/4/27,16:3,1,,37000,7,交差点付近－その他,1,138.28855,34.83003806
2,負傷,21,車両相互,1,晴,12,昼－昼,12-15時,5,木,0,30,2023,25,13,5,2023/5/25,13:30,1,,37000,7,交差点付近－その他,1,138.2834219,34.86242389
2,負傷,21,車両相互,1,晴,12,昼－昼,6-9時,5,木,0,8,2023,8,8,6,2023/6/8,8:8,1,主要地方道－市道,1500,7,交差点付近－その他,1,138.3010131,34.82939
2,負傷,21,車両相互,1,晴,12,昼－昼,6-9時,5,木,0,45,2023,2,7,11,2023/11/2,7:45,1,,37000,7,交差点付近－その他,1,138.3112689,34.82320389
2,負傷,21,車両相互,1,晴,12,昼－昼,6-9時,5,木,0,41,2023,9,8,11,2023/11/9,8:41,1,,37000,7,交差点付近－その他,1,138.2838531,34.82483389
2,負傷,21,車両相互,1,晴,12,昼－昼,9-12時,5,木,0,41,2023,30,9,11,2023/11/30,9:41,1,,37000,7,交差点付近－その他,1,138.2940811,34.88286306
2,負傷,21,車両相互,1,晴,12,昼－昼,9-12時,5,木,0,52,2023,9,11,11,2023/11/9,11:52,1,,37000,7,交差点付近－その他,1,138.2884469,34.85343806
2,負傷,21,車両相互,1,晴,12,昼－昼,6-9時,5,木,0,40,2023,29,8,6,2023/6/29,8:40,1,主要地方道－市道,1500,11,単路－トンネル,1,138.3362389,34.8984
2,負傷,21,車両相互,1,晴,12,昼－昼,6-9時,5,木,0,11,2023,19,7,10,2023/10/19,7:11,1,主要地方道－市道,1501,11,単路－トンネル,1,138.33629,34.89819194
2,負傷,21,車両相互,1,晴,12,昼－昼,15-18時,5,木,0,30,2023,6,15,7,2023/7/6,15:30,1,,22130,12,単路－橋,1,138.3120411,34.87666694
2,負傷,21,車両相互,1,晴,12,昼－昼,15-18時,5,木,0,55,2023,27,15,7,2023/7/27,15:55,1,,37000,13,単路－カーブ・屈折,1,138.2782319,34.79479611
2,負傷,21,車両相互,1,晴,12,昼－昼,9-12時,5,木,0,20,2023,2,11,2,2023/2/2,11:20,1,,37000,14,単路－その他,1,138.3080211,34.84601111
2,負傷,21,車両相互,1,晴,12,昼－昼,9-12時,5,木,0,45,2023,9,11,2,2023/2/9,11:45,1,,22240,14,単路－その他,1,138.2888161,34.85257806
2,負傷,21,車両相互,1,晴,12,昼－昼,15-18時,5,木,0,19,2023,30,15,3,2023/3/30,15:19,1,主要地方道－市道,1500,14,単路－その他,1,138.3253,34.88679306
2,負傷,21,車両相互,1,晴,12,昼－昼,15-18時,5,木,0,33,2023,16,16,3,2023/3/16,16:33,1,,37000,14,単路－その他,1,138.2905189,34.85878306
2,負傷,21,車両相互,1,晴,12,昼－昼,6-9時,5,木,0,10,2023,27,7,4,2023/4/27,7:10,1,,37000,14,単路－その他,1,138.3067811,34.869525
2,負傷,21,車両相互,1,晴,12,昼－昼,12-15時,5,木,0,37,2023,13,12,4,2023/4/13,12:37,1,主要地方道－市道,1500,14,単路－その他,1,138.27958,34.81647889
2,負傷,21,車両相互,1,晴,12,昼－昼,12-15時,5,木,0,40,2023,29,13,6,2023/6/29,13:40,1,主要地方道－市道,1500,14,単路－その他,1,138.3320169,34.89359306
2,負傷,21,車両相互,1,晴,12,昼－昼,15-18時,5,木,0,5,2023,29,15,6,2023/6/29,15:5,1,主要地方道－市道,1500,14,単路－その他,1,138.3199719,34.88224111
2,負傷,21,車両相互,1,晴,12,昼－昼,15-18時,5,木,0,0,2023,29,17,6,2023/6/29,17:0,1,,24160,14,単路－その他,1,138.3180889,34.84501806
2,負傷,21,車両相互,1,晴,12,昼－昼,15-18時,5,木,0,18,2023,29,17,6,2023/6/29,17:18,1,,37000,14,単路－その他,1,138.3076739,34.85826306
2,負傷,21,車両相互,1,晴,12,昼－昼,9-12時,5,木,0,15,2023,13,11,7,2023/7/13,11:15,1,,22240,14,単路－その他,1,138.2888331,34.85256889
2,負傷,21,車両相互,1,晴,12,昼－昼,15-18時,5,木,0,7,2023,28,15,12,2023/12/28,15:7,1,主要地方道－市道,1500,14,単路－その他,1,138.2653569,34.80405889
2,負傷,21,車両相互,1,晴,12,昼－昼,12-15時,5,木,0,10,2023,23,12,2,2023/2/23,12:10,2,,24160,1,交差点－その他,1,138.31148,34.83726694
2,負傷,21,車両相互,1,晴,12,昼－昼,9-12時,5,木,0,10,2023,13,11,7,2023/7/13,11:10,2,,37000,1,交差点－その他,1,138.3202669,34.84912694
2,負傷,21,車両相互,1,晴,12,昼－昼,15-18時,5,木,0,36,2023,12,15,10,2023/10/12,15:36,2,,10810,1,交差点－その他,1,138.3159069,34.86856694
2,負傷,21,車両相互,1,晴,12,昼－昼,12-15時,5,木,0,3,2023,30,14,11,2023/11/30,14:3,2,,37000,1,交差点－その他,1,138.3175389,34.88374194
2,負傷,21,車両相互,1,晴,12,昼－昼,6-9時,5,木,0,5,2023,1,8,6,2023/6/1,8:5,2,,37000,14,単路－その他,1,138.3082731,34.84969194
2,負傷,21,車両相互,1,晴,12,昼－昼,9-12時,5,木,0,32,2023,23,11,11,2023/11/23,11:32,3,,37000,7,交差点付近－その他,1,138.308085,34.84649306
2,負傷,21,車両相互,1,晴,12,昼－昼,15-18時,6,金,0,45,2023,10,16,3,2023/3/10,16:45,1,,99000,0,一般交通の場所,1,138.30696,34.87071306
2,負傷,21,車両相互,1,晴,12,昼－昼,9-12時,6,金,0,28,2023,14,9,7,2023/7/14,9:28,1,,99000,0,一般交通の場所,1,138.3176881,34.84384306
2,負傷,21,車両相互,1,晴,12,昼－昼,15-18時,6,金,0,59,2023,21,15,7,2023/7/21,15:59,1,,99000,0,一般交通の場所,1,138.3179389,34.85612889
2,負傷,21,車両相互,1,晴,12,昼－昼,6-9時,6,金,0,15,2023,24,7,3,2023/3/24,7:15,1,,10340,1,交差点－その他,1,138.2549539,34.81511694
2,負傷,21,車両相互,1,晴,12,昼－昼,12-15時,6,金,0,25,2023,10,13,3,2023/3/10,13:25,1,,37000,1,交差点－その他,1,138.2800819,34.80719111
2,負傷,21,車両相互,1,晴,12,昼－昼,9-12時,6,金,0,20,2023,14,11,4,2023/4/14,11:20,1,,37000,1,交差点－その他,1,138.3090239,34.88656389
2,負傷,21,車両相互,1,晴,12,昼－昼,9-12時,6,金,0,45,2023,26,10,5,2023/5/26,10:45,1,,37000,1,交差点－その他,1,138.31912,34.84127389
2,負傷,21,車両相互,1,晴,12,昼－昼,6-9時,6,金,0,52,2023,16,7,6,2023/6/16,7:52,1,,37000,1,交差点－その他,1,138.295995,34.87481889
2,負傷,21,車両相互,1,晴,12,昼－昼,12-15時,6,金,0,0,2023,16,14,6,2023/6/16,14:0,1,,10310,1,交差点－その他,1,138.29525,34.79715389
2,負傷,21,車両相互,1,晴,12,昼－昼,12-15時,6,金,0,30,2023,7,12,7,2023/7/7,12:30,1,,37000,1,交差点－その他,1,138.3087189,34.85958
2,負傷,21,車両相互,1,晴,12,昼－昼,15-18時,6,金,0,10,2023,7,16,7,2023/7/7,16:10,1,,37000,1,交差点－その他,1,138.28152,34.80870306
2,負傷,21,車両相互,1,晴,12,昼－昼,12-15時,6,金,0,46,2023,25,14,8,2023/8/25,14:46,1,,22220,1,交差点－その他,1,138.30008,34.86308111
2,負傷,21,車両相互,1,晴,12,昼－昼,15-18時,6,金,0,42,2023,1,15,9,2023/9/1,15:42,1,,37000,1,交差点－その他,1,138.2937669,34.82865111
2,負傷,21,車両相互,1,晴,12,昼－昼,6-9時,6,金,0,50,2023,13,6,10,2023/10/13,6:50,1,,10310,1,交差点－その他,1,138.317745,34.83541694
2,負傷,21,車両相互,1,晴,12,昼－昼,6-9時,6,金,0,22,2023,6,8,10,2023/10/6,8:22,1,,37000,1,交差点－その他,1,138.31687,34.86762306
2,負傷,21,車両相互,1,晴,12,昼－昼,6-9時,6,金,0,5,2023,27,8,10,2023/10/27,8:5,1,,37000,1,交差点－その他,1,138.3080089,34.86150611
2,負傷,21,車両相互,1,晴,12,昼－昼,9-12時,6,金,0,43,2023,20,10,10,2023/10/20,10:43,1,,37000,1,交差点－その他,1,138.3080681,34.86155194
2,負傷,21,車両相互,1,晴,12,昼－昼,15-18時,6,金,0,16,2023,6,16,10,2023/10/6,16:16,1,主要地方道－市道,1500,1,交差点－その他,1,138.2636581,34.80246194
2,負傷,21,車両相互,1,晴,12,昼－昼,6-9時,6,金,0,44,2023,8,7,12,2023/12/8,7:44,1,,37000,1,交差点－その他,1,138.3248189,34.867305
2,負傷,21,車両相互,1,晴,12,昼－昼,6-9時,6,金,0,25,2023,26,7,5,2023/5/26,7:25,1,,37000,7,交差点付近－その他,1,138.2865319,34.78272389
2,負傷,21,車両相互,1,晴,12,昼－昼,6-9時,6,金,0,23,2023,16,8,6,2023/6/16,8:23,1,,37000,7,交差点付近－その他,1,138.3148489,34.86810306
2,負傷,21,車両相互,1,晴,12,昼－昼,15-18時,6,金,0,25,2023,23,15,6,2023/6/23,15:25,1,,37000,7,交差点付近－その他,1,138.2851769,34.830705
2,負傷,21,車両相互,1,晴,12,昼－昼,12-15時,6,金,0,15,2023,21,12,7,2023/7/21,12:15,1,主要地方道－市道,1500,7,交差点付近－その他,1,138.3011669,34.85975306
2,負傷,21,車両相互,1,晴,12,昼－昼,15-18時,6,金,0,18,2023,22,16,9,2023/9/22,16:18,1,,37000,7,交差点付近－その他,1,138.2975461,34.85401889
2,負傷,21,車両相互,1,晴,12,昼－昼,15-18時,6,金,0,39,2023,13,15,10,2023/10/13,15:39,1,,37000,7,交差点付近－その他,1,138.3071561,34.86263806
2,負傷,21,車両相互,1,晴,12,昼－昼,6-9時,6,金,0,25,2023,1,8,12,2023/12/1,8:25,1,,37000,7,交差点付近－その他,1,138.3056489,34.88255806
2,負傷,21,車両相互,1,晴,12,昼－昼,12-15時,6,金,0,0,2023,10,12,3,2023/3/10,12:0,1,,37000,13,単路－カーブ・屈折,1,138.3073181,34.84024389
2,負傷,21,車両相互,1,晴,12,昼－昼,9-12時,6,金,0,40,2023,10,10,3,2023/3/10,10:40,1,,22270,14,単路－その他,1,138.295385,34.79703611
2,負傷,21,車両相互,1,晴,12,昼－昼,9-12時,6,金,0,5,2023,10,11,3,2023/3/10,11:5,1,,37000,14,単路－その他,1,138.308435,34.85129111
2,負傷,21,車両相互,1,晴,12,昼－昼,9-12時,6,金,0,45,2023,14,10,4,2023/4/14,10:45,1,,10810,14,単路－その他,1,138.3024681,34.88167
2,負傷,21,車両相互,1,晴,12,昼－昼,6-9時,6,金,0,50,2023,12,6,5,2023/5/12,6:50,1,,37000,14,単路－その他,1,138.3218969,34.87147389
2,負傷,21,車両相互,1,晴,12,昼－昼,6-9時,6,金,0,16,2023,26,8,5,2023/5/26,8:16,1,,37000,14,単路－その他,1,138.31243,34.84259694
2,負傷,21,車両相互,1,晴,12,昼－昼,6-9時,6,金,0,50,2023,21,6,7,2023/7/21,6:50,1,,10810,14,単路－その他,1,138.3105261,34.87924
2,負傷,21,車両相互,1,晴,12,昼－昼,12-15時,6,金,0,55,2023,7,14,7,2023/7/7,14:55,1,主要地方道－市道,1500,14,単路－その他,1,138.3111619,34.87903194
2,負傷,21,車両相互,1,晴,12,昼－昼,15-18時,6,金,0,47,2023,14,15,7,2023/7/14,15:47,1,主要地方道－市道,1500,14,単路－その他,1,138.2776961,34.81488306
2,負傷,21,車両相互,1,晴,12,昼－昼,15-18時,6,金,0,27,2023,7,16,7,2023/7/7,16:27,1,主要地方道－市道,1500,14,単路－その他,1,138.31929,34.88172889
2,負傷,21,車両相互,1,晴,12,昼－昼,6-9時,6,金,0,15,2023,15,7,9,2023/9/15,7:15,1,主要地方道－市道,1500,14,単路－その他,1,138.3037719,34.82385
2,負傷,21,車両相互,1,晴,12,昼－昼,6-9時,6,金,0,10,2023,1,8,9,2023/9/1,8:10,1,,37000,14,単路－その他,1,138.2652169,34.80628194
2,負傷,21,車両相互,1,晴,12,昼－昼,9-12時,6,金,0,0,2023,13,9,10,2023/10/13,9:0,1,,37000,14,単路－その他,1,138.3091419,34.86091389
2,負傷,21,車両相互,1,晴,12,昼－昼,9-12時,6,金,0,0,2023,27,10,10,2023/10/27,10:0,1,,37000,14,単路－その他,1,138.2832569,34.85716111
2,負傷,21,車両相互,1,晴,12,昼－昼,9-12時,6,金,0,50,2023,29,9,12,2023/12/29,9:50,1,,10310,14,単路－その他,1,138.2886011,34.79044389
2,負傷,21,車両相互,1,晴,12,昼－昼,12-15時,6,金,0,36,2023,29,12,12,2023/12/29,12:36,1,,24160,14,単路－その他,1,138.3101589,34.83721389
2,負傷,21,車両相互,1,晴,12,昼－昼,15-18時,6,金,0,35,2023,31,15,3,2023/3/31,15:35,2,,37000,1,交差点－その他,1,138.2619939,34.80189111
2,負傷,21,車両相互,1,晴,12,昼－昼,9-12時,6,金,0,20,2023,11,10,8,2023/8/11,10:20,2,,37000,1,交差点－その他,1,138.3159261,34.838945
2,負傷,21,車両相互,1,晴,12,昼－昼,9-12時,6,金,0,51,2023,11,11,8,2023/8/11,11:51,2,,37000,1,交差点－その他,1,138.30256,34.84496806
2,負傷,21,車両相互,1,晴,12,昼－昼,6-9時,6,金,0,55,2023,17,7,2,2023/2/17,7:55,2,主要地方道－市道,1500,7,交差点付近－その他,1,138.29952,34.87436806
2,負傷,21,車両相互,1,晴,12,昼－昼,9-12時,6,金,0,55,2023,13,10,10,2023/10/13,10:55,2,,24160,7,交差点付近－その他,1,138.330035,34.87992194
2,負傷,21,車両相互,1,晴,12,昼－昼,6-9時,6,金,0,10,2023,21,8,7,2023/7/21,8:10,2,,37000,14,単路－その他,1,138.2705781,34.81360806
2,負傷,21,車両相互,1,晴,12,昼－昼,15-18時,6,金,0,2,2023,18,15,8,2023/8/18,15:2,3,,37000,1,交差点－その他,1,138.31584,34.82333889
2,負傷,21,車両相互,1,晴,12,昼－昼,6-9時,6,金,0,45,2023,1,8,12,2023/12/1,8:45,3,,37000,1,交差点－その他,1,138.296235,34.86756806
2,負傷,21,車両相互,1,晴,12,昼－昼,9-12時,6,金,0,55,2023,5,9,5,2023/5/5,9:55,3,,37000,14,単路－その他,1,138.3108681,34.85711611
2,負傷,21,車両相互,1,晴,12,昼－昼,12-15時,6,金,0,23,2023,25,14,8,2023/8/25,14:23,3,,10810,14,単路－その他,1,138.312215,34.87619
2,負傷,21,車両相互,1,晴,12,昼－昼,6-9時,6,金,0,25,2023,22,8,12,2023/12/22,8:25,4,,10300,1,交差点－その他,1,138.2927811,34.87240694
2,負傷,21,車両相互,1,晴,12,昼－昼,12-15時,6,金,0,41,2023,22,14,12,2023/12/22,14:41,4,,10810,1,交差点－その他,1,138.316335,34.86782
2,負傷,21,車両相互,1,晴,12,昼－昼,12-15時,6,金,0,25,2023,3,14,11,2023/11/3,14:25,4,主要地方道－市道,1500,7,交差点付近－その他,1,138.3151089,34.88011
2,負傷,21,車両相互,1,晴,12,昼－昼,12-15時,6,金,0,0,2023,4,13,8,2023/8/4,13:0,4,主要地方道－市道,1501,14,単路－その他,1,138.2646,34.80337611
2,負傷,21,車両相互,1,晴,12,昼－昼,6-9時,6,金,0,41,2023,27,7,10,2023/10/27,7:41,4,主要地方道－市道,1500,14,単路－その他,1,138.2994411,34.87112889
2,負傷,21,車両相互,1,晴,12,昼－昼,9-12時,7,土,0,52,2023,28,9,1,2023/1/28,9:52,1,,99000,0,一般交通の場所,1,138.3148389,34.86334389
2,負傷,21,車両相互,1,晴,12,昼－昼,15-18時,7,土,0,19,2023,22,17,4,2023/4/22,17:19,1,,99000,0,一般交通の場所,1,138.3179369,34.856135
2,負傷,21,車両相互,1,晴,12,昼－昼,12-15時,7,土,0,7,2023,6,12,5,2023/5/6,12:7,1,,99000,0,一般交通の場所,1,138.3200719,34.86548389
2,負傷,21,車両相互,1,晴,12,昼－昼,9-12時,7,土,0,25,2023,12,9,8,2023/8/12,9:25,1,,99000,0,一般交通の場所,1,138.2962989,34.83734306
2,負傷,21,車両相互,1,晴,12,昼－昼,12-15時,7,土,0,45,2023,19,13,8,2023/8/19,13:45,1,,99000,0,一般交通の場所,1,138.31986,34.827265
2,負傷,21,車両相互,1,晴,12,昼－昼,9-12時,7,土,0,3,2023,30,9,9,2023/9/30,9:3,1,,99000,0,一般交通の場所,1,138.3130389,34.83759306
2,負傷,21,車両相互,1,晴,12,昼－昼,6-9時,7,土,0,43,2023,21,8,1,2023/1/21,8:43,1,,37000,1,交差点－その他,1,138.3077489,34.86114
2,負傷,21,車両相互,1,晴,12,昼－昼,9-12時,7,土,0,39,2023,28,10,1,2023/1/28,10:39,1,主要地方道－市道,1501,1,交差点－その他,1,138.3002369,34.86709194
2,負傷,21,車両相互,1,晴,12,昼－昼,9-12時,7,土,0,5,2023,11,10,2,2023/2/11,10:5,1,,37000,1,交差点－その他,1,138.2853089,34.84113194
2,負傷,21,車両相互,1,晴,12,昼－昼,9-12時,7,土,0,19,2023,10,10,6,2023/6/10,10:19,1,,37000,1,交差点－その他,1,138.3022239,34.84929806
2,負傷,21,車両相互,1,晴,12,昼－昼,15-18時,7,土,0,49,2023,17,17,6,2023/6/17,17:49,1,,85000,1,交差点－その他,1,138.3326919,34.87178111
2,負傷,21,車両相互,1,晴,12,昼－昼,6-9時,7,土,0,55,2023,29,7,7,2023/7/29,7:55,1,,37000,1,交差点－その他,1,138.3032389,34.86640611
2,負傷,21,車両相互,1,晴,12,昼－昼,9-12時,7,土,0,18,2023,12,9,8,2023/8/12,9:18,1,,37000,1,交差点－その他,1,138.2853861,34.83520194
2,負傷,21,車両相互,1,晴,12,昼－昼,9-12時,7,土,0,32,2023,26,9,8,2023/8/26,9:32,1,,37050,1,交差点－その他,1,138.3080339,34.84435694
2,負傷,21,車両相互,1,晴,12,昼－昼,12-15時,7,土,0,45,2023,5,14,8,2023/8/5,14:45,1,主要地方道－市道,1500,1,交差点－その他,1,138.3004081,34.83999889
2,負傷,21,車両相互,1,晴,12,昼－昼,6-9時,7,土,0,25,2023,14,7,10,2023/10/14,7:25,1,主要地方道－市道,1500,1,交差点－その他,1,138.2738069,34.81145194
2,負傷,21,車両相互,1,晴,12,昼－昼,6-9時,7,土,0,28,2023,7,8,10,2023/10/7,8:28,1,,24160,1,交差点－その他,1,138.317785,34.84302611
2,負傷,21,車両相互,1,晴,12,昼－昼,9-12時,7,土,0,55,2023,7,11,10,2023/10/7,11:55,1,,37000,1,交差点－その他,1,138.2904019,34.79163
2,負傷,21,車両相互,1,晴,12,昼－昼,15-18時,7,土,0,12,2023,28,15,10,2023/10/28,15:12,1,,37000,1,交差点－その他,1,138.3019861,34.85237194
2,負傷,21,車両相互,1,晴,12,昼－昼,9-12時,7,土,0,22,2023,4,9,11,2023/11/4,9:22,1,,37000,1,交差点－その他,1,138.315835,34.86657889
2,負傷,21,車両相互,1,晴,12,昼－昼,9-12時,7,土,0,45,2023,23,9,12,2023/12/23,9:45,1,,22240,1,交差点－その他,1,138.2911219,34.84680194
2,負傷,21,車両相互,1,晴,12,昼－昼,9-12時,7,土,0,42,2023,2,10,12,2023/12/2,10:42,1,,37000,1,交差点－その他,1,138.2963989,34.875855
2,負傷,21,車両相互,1,晴,12,昼－昼,9-12時,7,土,0,29,2023,16,10,12,2023/12/16,10:29,1,,37000,1,交差点－その他,1,138.3077031,34.83472194
2,負傷,21,車両相互,1,晴,12,昼－昼,6-9時,7,土,0,25,2023,27,6,5,2023/5/27,6:25,1,主要地方道－市道,1500,7,交差点付近－その他,1,138.2789419,34.81597694
2,負傷,21,車両相互,1,晴,12,昼－昼,6-9時,7,土,0,25,2023,27,6,5,2023/5/27,6:25,1,,24160,7,交差点付近－その他,1,138.3014089,34.83016889
2,負傷,21,車両相互,1,晴,12,昼－昼,9-12時,7,土,0,12,2023,24,11,6,2023/6/24,11:12,1,,37000,7,交差点付近－その他,1,138.308445,34.84816389
2,負傷,21,車両相互,1,晴,12,昼－昼,12-15時,7,土,0,59,2023,2,13,9,2023/9/2,13:59,1,主要地方道－市道,1500,7,交差点付近－その他,1,138.3026661,34.87683389
2,負傷,21,車両相互,1,晴,12,昼－昼,9-12時,7,土,0,18,2023,18,10,11,2023/11/18,10:18,1,,24160,7,交差点付近－その他,1,138.3193111,34.86271694
2,負傷,21,車両相互,1,晴,12,昼－昼,9-12時,7,土,0,50,2023,21,11,1,2023/1/21,11:50,1,,10810,14,単路－その他,1,138.3145781,34.87093889
2,負傷,21,車両相互,1,晴,12,昼－昼,15-18時,7,土,0,45,2023,21,15,1,2023/1/21,15:45,1,,37000,14,単路－その他,1,138.3071181,34.862595
2,負傷,21,車両相互,1,晴,12,昼－昼,9-12時,7,土,0,38,2023,25,11,2,2023/2/25,11:38,1,,37000,14,単路－その他,1,138.3026861,34.87797389
2,負傷,21,車両相互,1,晴,12,昼－昼,15-18時,7,土,0,47,2023,4,15,3,2023/3/4,15:47,1,,22130,14,単路－その他,1,138.3103639,34.89109
2,負傷,21,車両相互,1,晴,12,昼－昼,12-15時,7,土,0,8,2023,8,13,4,2023/4/8,13:8,1,主要地方道－市道,1500,14,単路－その他,1,138.2988819,34.82845694
2,負傷,21,車両相互,1,晴,12,昼－昼,6-9時,7,土,0,50,2023,20,7,5,2023/5/20,7:50,1,,37000,14,単路－その他,1,138.2998411,34.79495306
2,負傷,21,車両相互,1,晴,12,昼－昼,9-12時,7,土,0,0,2023,29,10,7,2023/7/29,10:0,1,,37000,14,単路－その他,1,138.31699,34.83037806
2,負傷,21,車両相互,1,晴,12,昼－昼,9-12時,7,土,0,30,2023,15,11,7,2023/7/15,11:30,1,,24160,14,単路－その他,1,138.3021881,34.83073389
2,負傷,21,車両相互,1,晴,12,昼－昼,12-15時,7,土,0,35,2023,2,13,9,2023/9/2,13:35,1,主要地方道－市道,1502,14,単路－その他,1,138.3112739,34.87905306
2,負傷,21,車両相互,1,晴,12,昼－昼,6-9時,7,土,0,35,2023,26,8,8,2023/8/26,8:35,2,,99000,0,一般交通の場所,1,138.2559411,34.80368111
2,負傷,21,車両相互,1,晴,12,昼－昼,15-18時,7,土,0,15,2023,18,15,2,2023/2/18,15:15,2,,37000,1,交差点－その他,1,138.2817019,34.78770889
2,負傷,21,車両相互,1,晴,12,昼－昼,9-12時,7,土,0,10,2023,11,11,3,2023/3/11,11:10,2,,37000,1,交差点－その他,1,138.3003169,34.85420306
2,負傷,21,車両相互,1,晴,12,昼－昼,12-15時,7,土,0,15,2023,11,14,3,2023/3/11,14:15,2,,37000,1,交差点－その他,1,138.3195811,34.84399
2,負傷,21,車両相互,1,晴,12,昼－昼,15-18時,7,土,0,7,2023,4,15,3,2023/3/4,15:7,2,,10310,1,交差点－その他,1,138.2905381,34.78670806
2,負傷,21,車両相互,1,晴,12,昼－昼,9-12時,7,土,0,33,2023,1,9,4,2023/4/1,9:33,2,主要地方道－市道,1500,7,交差点付近－その他,1,138.3339111,34.895395
2,負傷,21,車両相互,1,晴,12,昼－昼,15-18時,7,土,0,40,2023,24,17,6,2023/6/24,17:40,2,,37000,7,交差点付近－その他,1,138.3024739,34.85418111
2,負傷,21,車両相互,1,晴,12,昼－昼,9-12時,7,土,0,22,2023,28,10,10,2023/10/28,10:22,2,,37000,14,単路－その他,1,138.300605,34.85944111
2,負傷,21,車両相互,1,晴,12,昼－昼,12-15時,7,土,0,50,2023,11,12,3,2023/3/11,12:50,3,,37000,1,交差点－その他,1,138.2998819,34.85418889
2,負傷,21,車両相互,1,晴,12,昼－昼,9-12時,7,土,0,59,2023,23,10,9,2023/9/23,10:59,3,主要地方道－市道,1500,14,単路－その他,1,138.3213931,34.88318889
2,負傷,21,車両相互,1,晴,13,昼－暮,18-21時,1,日,0,25,2023,16,18,7,2023/7/16,18:25,1,,37000,1,交差点－その他,1,138.2853119,34.83594306
2,負傷,21,車両相互,1,晴,13,昼－暮,18-21時,1,日,0,15,2023,18,18,6,2023/6/18,18:15,1,,37000,7,交差点付近－その他,1,138.2991439,34.87833389
2,負傷,21,車両相互,1,晴,13,昼－暮,15-18時,1,日,0,43,2023,27,17,8,2023/8/27,17:43,2,,37000,14,単路－その他,1,138.3260031,34.87380194
2,負傷,21,車両相互,1,晴,13,昼－暮,15-18時,1,日,0,50,2023,1,16,10,2023/10/1,16:50,3,,37000,1,交差点－その他,1,138.3159539,34.88289306
2,負傷,21,車両相互,1,晴,13,昼－暮,15-18時,2,月,0,20,2023,18,17,9,2023/9/18,17:20,1,,99000,0,一般交通の場所,1,138.2871611,34.842135
2,負傷,21,車両相互,1,晴,13,昼－暮,15-18時,2,月,0,40,2023,30,16,10,2023/10/30,16:40,1,主要地方道－市道,1500,1,交差点－その他,1,138.3154369,34.88008194
2,負傷,21,車両相互,1,晴,13,昼－暮,15-18時,2,月,0,40,2023,20,15,11,2023/11/20,15:40,1,,37000,1,交差点－その他,1,138.3154161,34.85570611
2,負傷,21,車両相互,1,晴,13,昼－暮,15-18時,2,月,0,48,2023,20,17,3,2023/3/20,17:48,1,,37000,7,交差点付近－その他,1,138.2636961,34.80240889
2,負傷,21,車両相互,1,晴,13,昼－暮,15-18時,2,月,0,28,2023,13,16,11,2023/11/13,16:28,2,,37000,7,交差点付近－その他,1,138.2889089,34.86237389
2,負傷,21,車両相互,1,晴,13,昼－暮,15-18時,2,月,0,15,2023,2,16,1,2023/1/2,16:15,2,,10810,14,単路－その他,1,138.3063081,34.88068889
2,負傷,21,車両相互,1,晴,13,昼－暮,15-18時,3,火,0,20,2023,28,17,3,2023/3/28,17:20,1,,37000,1,交差点－その他,1,138.2950231,34.87548111
2,負傷,21,車両相互,1,晴,13,昼－暮,18-21時,3,火,0,18,2023,27,18,6,2023/6/27,18:18,1,,23550,1,交差点－その他,1,138.30618,34.79281111
2,負傷,21,車両相互,1,晴,13,昼－暮,15-18時,3,火,0,9,2023,3,17,10,2023/10/3,17:9,1,,37000,7,交差点付近－その他,1,138.2505161,34.81857194
2,負傷,21,車両相互,1,晴,13,昼－暮,15-18時,3,火,0,51,2023,10,16,1,2023/1/10,16:51,1,,37050,14,単路－その他,1,138.30826,34.84949806
2,負傷,21,車両相互,1,晴,13,昼－暮,15-18時,4,水,0,25,2023,8,16,2,2023/2/8,16:25,1,,37000,1,交差点－その他,1,138.2917239,34.82735194
2,負傷,21,車両相互,1,晴,13,昼－暮,15-18時,4,水,0,30,2023,15,17,3,2023/3/15,17:30,1,,22220,1,交差点－その他,1,138.3070519,34.86363806
2,負傷,21,車両相互,1,晴,13,昼－暮,15-18時,4,水,0,19,2023,22,17,3,2023/3/22,17:19,1,主要地方道－市道,1500,7,交差点付近－その他,1,138.3198969,34.882205
2,負傷,21,車両相互,1,晴,13,昼－暮,18-21時,4,水,0,15,2023,26,18,4,2023/4/26,18:15,1,主要地方道－市道,1500,7,交差点付近－その他,1,138.3171761,34.88062306
2,負傷,21,車両相互,1,晴,13,昼－暮,15-18時,4,水,0,6,2023,11,16,1,2023/1/11,16:6,1,,37000,14,単路－その他,1,138.3038431,34.87924611
2,負傷,21,車両相互,1,晴,13,昼－暮,15-18時,4,水,0,13,2023,18,16,10,2023/10/18,16:13,1,,10810,14,単路－その他,1,138.2982761,34.88381389
2,負傷,21,車両相互,1,晴,13,昼－暮,15-18時,4,水,0,0,2023,15,16,11,2023/11/15,16:0,2,,37000,1,交差点－その他,1,138.2923,34.82953611
2,負傷,21,車両相互,1,晴,13,昼－暮,15-18時,4,水,0,23,2023,4,16,1,2023/1/4,16:23,2,,37000,7,交差点付近－その他,1,138.308385,34.83980194
2,負傷,21,車両相互,1,晴,13,昼－暮,15-18時,4,水,0,53,2023,24,17,5,2023/5/24,17:53,2,,37000,14,単路－その他,1,138.2949311,34.86251806
2,負傷,21,車両相互,1,晴,13,昼－暮,15-18時,5,木,0,20,2023,12,16,1,2023/1/12,16:20,1,主要地方道－市道,1500,1,交差点－その他,1,138.2663981,34.80507806
2,負傷,21,車両相互,1,晴,13,昼－暮,15-18時,5,木,0,56,2023,27,17,7,2023/7/27,17:56,1,,37000,1,交差点－その他,1,138.3113489,34.818205
2,負傷,21,車両相互,1,晴,13,昼－暮,18-21時,5,木,0,47,2023,3,18,8,2023/8/3,18:47,1,,37000,1,交差点－その他,1,138.31343,34.87319194
2,負傷,21,車両相互,1,晴,13,昼－暮,15-18時,5,木,0,23,2023,2,16,11,2023/11/2,16:23,1,,37000,1,交差点－その他,1,138.2837531,34.85027194
2,負傷,21,車両相互,1,晴,13,昼－暮,15-18時,5,木,0,2,2023,2,17,3,2023/3/2,17:2,1,主要地方道－市道,1500,14,単路－その他,1,138.3327161,34.89421111
2,負傷,21,車両相互,1,晴,13,昼－暮,18-21時,5,木,0,0,2023,20,18,7,2023/7/20,18:0,1,,10810,14,単路－その他,1,138.2991369,34.88327
2,負傷,21,車両相互,1,晴,13,昼－暮,15-18時,5,木,0,41,2023,5,16,10,2023/10/5,16:41,2,,37000,1,交差点－その他,1,138.3252939,34.828255
2,負傷,21,車両相互,1,晴,13,昼－暮,15-18時,6,金,0,38,2023,28,17,4,2023/4/28,17:38,1,主要地方道－市道,1500,14,単路－その他,1,138.2998339,34.84689306
2,負傷,21,車両相互,1,晴,13,昼－暮,18-21時,6,金,0,14,2023,25,18,8,2023/8/25,18:14,2,主要地方道－市道,1500,12,単路－橋,1,138.2993411,34.87247889
2,負傷,21,車両相互,1,晴,13,昼－暮,15-18時,6,金,0,35,2023,17,17,3,2023/3/17,17:35,2,主要地方道－市道,1500,14,単路－その他,1,138.3006381,34.86482889
2,負傷,21,車両相互,1,晴,13,昼－暮,15-18時,6,金,0,32,2023,31,17,3,2023/3/31,17:32,2,,37000,14,単路－その他,1,138.2986361,34.85932111
2,負傷,21,車両相互,1,晴,13,昼－暮,15-18時,7,土,0,30,2023,30,17,9,2023/9/30,17:30,1,,22220,1,交差点－その他,1,138.3018969,34.86344194
2,負傷,21,車両相互,1,晴,13,昼－暮,15-18時,7,土,0,5,2023,28,16,10,2023/10/28,16:5,1,,10810,1,交差点－その他,1,138.300355,34.88255194
2,負傷,21,車両相互,1,晴,13,昼－暮,15-18時,7,土,0,50,2023,23,15,12,2023/12/23,15:50,1,,22220,1,交差点－その他,1,138.28719,34.86218306
2,負傷,21,車両相互,1,晴,13,昼－暮,15-18時,7,土,0,40,2023,4,16,2,2023/2/4,16:40,1,,10300,7,交差点付近－その他,1,138.2855639,34.87149806
2,負傷,21,車両相互,1,晴,13,昼－暮,15-18時,7,土,0,47,2023,28,16,1,2023/1/28,16:47,1,,37000,14,単路－その他,1,138.2987281,34.868645
2,負傷,21,車両相互,1,晴,13,昼－暮,15-18時,7,土,0,20,2023,28,16,1,2023/1/28,16:20,2,,37000,1,交差点－その他,1,138.3089139,34.82841194
2,負傷,21,車両相互,1,晴,13,昼－暮,15-18時,7,土,0,20,2023,25,17,2,2023/2/25,17:20,2,,22240,14,単路－その他,1,138.2850489,34.86386611
2,負傷,21,車両相互,1,晴,13,昼－暮,18-21時,7,土,0,45,2023,15,18,7,2023/7/15,18:45,4,,85000,1,交差点－その他,1,138.3256089,34.86257694
2,負傷,21,車両相互,1,晴,21,夜－暮,18-21時,1,日,0,49,2023,21,18,5,2023/5/21,18:49,1,,22260,1,交差点－その他,1,138.2932269,34.84255389
2,負傷,21,車両相互,1,晴,21,夜－暮,15-18時,2,月,0,40,2023,6,17,2,2023/2/6,17:40,1,,37000,1,交差点－その他,1,138.2791011,34.82372
2,負傷,21,車両相互,1,晴,21,夜－暮,18-21時,2,月,0,10,2023,10,19,7,2023/7/10,19:10,1,,37000,1,交差点－その他,1,138.3093189,34.83993806
2,負傷,21,車両相互,1,晴,21,夜－暮,15-18時,2,月,0,50,2023,13,16,11,2023/11/13,16:50,1,,37000,1,交差点－その他,1,138.3066139,34.88395111
2,負傷,21,車両相互,1,晴,21,夜－暮,15-18時,2,月,0,25,2023,9,17,1,2023/1/9,17:25,1,,10310,14,単路－その他,1,138.3176739,34.83518111
2,負傷,21,車両相互,1,晴,21,夜－暮,18-21時,2,月,0,25,2023,20,18,3,2023/3/20,18:25,1,主要地方道－市道,1500,14,単路－その他,1,138.3008319,34.86346389
2,負傷,21,車両相互,1,晴,21,夜－暮,15-18時,2,月,0,45,2023,11,16,12,2023/12/11,16:45,1,主要地方道－市道,1500,14,単路－その他,1,138.2657981,34.80444889
2,負傷,21,車両相互,1,晴,21,夜－暮,15-18時,2,月,0,14,2023,18,17,12,2023/12/18,17:14,1,,37000,14,単路－その他,1,138.3152481,34.86517694
2,負傷,21,車両相互,1,晴,21,夜－暮,15-18時,2,月,0,43,2023,30,17,10,2023/10/30,17:43,2,,10330,7,交差点付近－その他,1,138.2790239,34.81622306
2,負傷,21,車両相互,1,晴,21,夜－暮,18-21時,3,火,0,24,2023,28,18,2,2023/2/28,18:24,1,,22270,1,交差点－その他,1,138.2994939,34.794635
2,負傷,21,車両相互,1,晴,21,夜－暮,18-21時,3,火,0,42,2023,9,18,5,2023/5/9,18:42,1,,24160,1,交差点－その他,1,138.320965,34.868235
2,負傷,21,車両相互,1,晴,21,夜－暮,18-21時,3,火,0,0,2023,18,19,7,2023/7/18,19:0,1,,37000,1,交差点－その他,1,138.2823861,34.823705
2,負傷,21,車両相互,1,晴,21,夜－暮,18-21時,3,火,0,2,2023,26,18,9,2023/9/26,18:2,1,,37000,1,交差点－その他,1,138.29096,34.82140694
2,負傷,21,車両相互,1,晴,21,夜－暮,15-18時,3,火,0,17,2023,7,17,11,2023/11/7,17:17,1,,10340,1,交差点－その他,1,138.254865,34.81512111
2,負傷,21,車両相互,1,晴,21,夜－暮,15-18時,3,火,0,15,2023,14,17,11,2023/11/14,17:15,1,,37000,1,交差点－その他,1,138.3203461,34.84745389
2,負傷,21,車両相互,1,晴,21,夜－暮,15-18時,3,火,0,10,2023,21,17,11,2023/11/21,17:10,1,,37000,1,交差点－その他,1,138.3065831,34.87171694
2,負傷,21,車両相互,1,晴,21,夜－暮,15-18時,3,火,0,37,2023,10,17,1,2023/1/10,17:37,1,,37000,14,単路－その他,1,138.27495,34.81053389
2,負傷,21,車両相互,1,晴,21,夜－暮,18-21時,3,火,0,2,2023,27,20,6,2023/6/27,20:2,2,,37000,1,交差点－その他,1,138.3024081,34.854275
2,負傷,21,車両相互,1,晴,21,夜－暮,18-21時,4,水,0,39,2023,1,18,3,2023/3/1,18:39,1,,37000,1,交差点－その他,1,138.3170739,34.870535
2,負傷,21,車両相互,1,晴,21,夜－暮,15-18時,4,水,0,0,2023,29,17,11,2023/11/29,17:0,1,,37000,1,交差点－その他,1,138.3137761,34.88520611
2,負傷,21,車両相互,1,晴,21,夜－暮,18-21時,4,水,0,30,2023,2,19,8,2023/8/2,19:30,1,,37000,7,交差点付近－その他,1,138.3046211,34.85370889
2,負傷,21,車両相互,1,晴,21,夜－暮,15-18時,4,水,0,41,2023,27,17,12,2023/12/27,17:41,1,,10300,13,単路－カーブ・屈折,1,138.2825989,34.87123694
2,負傷,21,車両相互,1,晴,21,夜－暮,15-18時,4,水,0,50,2023,1,17,2,2023/2/1,17:50,1,,37000,14,単路－その他,1,138.28254,34.86237694
2,負傷,21,車両相互,1,晴,21,夜－暮,18-21時,4,水,0,28,2023,2,19,8,2023/8/2,19:28,1,主要地方道－市道,1501,14,単路－その他,1,138.299475,34.86969306
2,負傷,21,車両相互,1,晴,21,夜－暮,15-18時,4,水,0,30,2023,8,17,11,2023/11/8,17:30,1,,37000,14,単路－その他,1,138.3229369,34.86839611
2,負傷,21,車両相互,1,晴,21,夜－暮,15-18時,4,水,0,55,2023,18,17,10,2023/10/18,17:55,2,,37000,14,単路－その他,1,138.2715631,34.81274389
2,負傷,21,車両相互,1,晴,21,夜－暮,15-18時,5,木,0,58,2023,2,17,3,2023/3/2,17:58,1,,99000,0,一般交通の場所,1,138.3086289,34.85065611
2,負傷,21,車両相互,1,晴,21,夜－暮,15-18時,5,木,0,10,2023,21,17,12,2023/12/21,17:10,1,,37000,1,交差点－その他,1,138.3189789,34.88255611
2,負傷,21,車両相互,1,晴,21,夜－暮,18-21時,5,木,0,45,2023,9,18,3,2023/3/9,18:45,1,主要地方道－市道,1500,12,単路－橋,1,138.2578031,34.79749694
2,負傷,21,車両相互,1,晴,21,夜－暮,15-18時,5,木,0,29,2023,5,17,1,2023/1/5,17:29,1,,37000,14,単路－その他,1,138.3084119,34.86137389
2,負傷,21,車両相互,1,晴,21,夜－暮,18-21時,5,木,0,15,2023,10,19,8,2023/8/10,19:15,1,,37000,14,単路－その他,1,138.2990219,34.86859806
2,負傷,21,車両相互,1,晴,21,夜－暮,15-18時,6,金,0,50,2023,3,17,2,2023/2/3,17:50,1,主要地方道－市道,1500,1,交差点－その他,1,138.2958289,34.82636194
2,負傷,21,車両相互,1,晴,21,夜－暮,18-21時,6,金,0,41,2023,25,18,8,2023/8/25,18:41,1,,37000,1,交差点－その他,1,138.29169,34.78608694
2,負傷,21,車両相互,1,晴,21,夜－暮,15-18時,6,金,0,10,2023,27,17,1,2023/1/27,17:10,2,,37000,1,交差点－その他,1,138.2962569,34.87526306
2,負傷,21,車両相互,1,晴,21,夜－暮,18-21時,6,金,0,4,2023,17,18,3,2023/3/17,18:4,2,,10810,14,単路－その他,1,138.3119589,34.87683194
2,負傷,21,車両相互,1,晴,21,夜－暮,18-21時,6,金,0,20,2023,17,18,2,2023/2/17,18:20,3,主要地方道－市道,1500,1,交差点－その他,1,138.28017,34.81701194
2,負傷,21,車両相互,1,晴,21,夜－暮,15-18時,7,土,0,35,2023,18,17,11,2023/11/18,17:35,1,,99000,0,一般交通の場所,1,138.2897269,34.829265
2,負傷,21,車両相互,1,晴,21,夜－暮,15-18時,7,土,0,38,2023,21,17,10,2023/10/21,17:38,1,,37000,1,交差点－その他,1,138.3117231,34.834635
2,負傷,21,車両相互,1,晴,21,夜－暮,18-21時,7,土,0,20,2023,24,19,6,2023/6/24,19:20,2,,24160,1,交差点－その他,1,138.31283,34.83735889
2,負傷,21,車両相互,1,晴,22,夜－夜,15-18時,1,日,0,45,2023,24,17,12,2023/12/24,17:45,1,,99000,0,一般交通の場所,1,138.3038019,34.88040806
2,負傷,21,車両相互,1,晴,22,夜－夜,21-24時,1,日,0,38,2023,29,21,1,2023/1/29,21:38,1,,22220,1,交差点－その他,1,138.2825589,34.86127111
2,負傷,21,車両相互,1,晴,22,夜－夜,3-6時,1,日,0,19,2023,3,3,12,2023/12/3,3:19,1,,37000,7,交差点付近－その他,1,138.3291919,34.88018194
2,負傷,21,車両相互,1,晴,22,夜－夜,18-21時,1,日,0,52,2023,24,19,9,2023/9/24,19:52,1,主要地方道－市道,1500,14,単路－その他,1,138.269035,34.80722389
2,負傷,21,車両相互,1,晴,22,夜－夜,18-21時,1,日,0,5,2023,3,18,12,2023/12/3,18:5,1,,22240,14,単路－その他,1,138.2873031,34.86130306
2,負傷,21,車両相互,1,晴,22,夜－夜,18-21時,1,日,0,32,2023,5,19,2,2023/2/5,19:32,2,,10340,1,交差点－その他,1,138.2598831,34.82021694
2,負傷,21,車両相互,1,晴,22,夜－夜,18-21時,1,日,0,57,2023,19,20,11,2023/11/19,20:57,2,主要地方道－市道,1500,1,交差点－その他,1,138.299495,34.87460389
2,負傷,21,車両相互,1,晴,22,夜－夜,18-21時,2,月,0,11,2023,9,19,1,2023/1/9,19:11,1,,22240,1,交差点－その他,1,138.293175,34.84252389
2,負傷,21,車両相互,1,晴,22,夜－夜,18-21時,2,月,0,45,2023,6,19,3,2023/3/6,19:45,1,,10810,1,交差点－その他,1,138.3051781,34.88087694
2,負傷,21,車両相互,1,晴,22,夜－夜,21-24時,2,月,0,5,2023,27,21,3,2023/3/27,21:5,1,,37000,1,交差点－その他,1,138.3237669,34.86908194
2,負傷,21,車両相互,1,晴,22,夜－夜,18-21時,2,月,0,30,2023,3,20,4,2023/4/3,20:30,1,主要地方道－市道,1501,1,交差点－その他,1,138.3110319,34.81016111
2,負傷,21,車両相互,1,晴,22,夜－夜,18-21時,2,月,0,51,2023,16,18,10,2023/10/16,18:51,1,,37000,1,交差点－その他,1,138.2870531,34.82271694
2,負傷,21,車両相互,1,晴,22,夜－夜,21-24時,2,月,0,50,2023,6,23,3,2023/3/6,23:50,1,,10810,12,単路－橋,1,138.314845,34.87037806
2,負傷,21,車両相互,1,晴,22,夜－夜,21-24時,2,月,0,15,2023,13,22,3,2023/3/13,22:15,1,,37000,14,単路－その他,1,138.2637111,34.80762111
2,負傷,21,車両相互,1,晴,22,夜－夜,21-24時,2,月,0,40,2023,25,21,9,2023/9/25,21:40,1,,37000,14,単路－その他,1,138.2872169,34.85974
2,負傷,21,車両相互,1,晴,22,夜－夜,15-18時,2,月,0,56,2023,4,17,12,2023/12/4,17:56,1,,22240,14,単路－その他,1,138.28879,34.85257111
2,負傷,21,車両相互,1,晴,22,夜－夜,21-24時,2,月,0,10,2023,20,21,11,2023/11/20,21:10,2,,24160,1,交差点－その他,1,138.3227289,34.87129389
2,負傷,21,車両相互,1,晴,22,夜－夜,18-21時,2,月,0,23,2023,18,18,12,2023/12/18,18:23,3,,42720,11,単路－トンネル,1,138.3360661,34.89922389
2,負傷,21,車両相互,1,晴,22,夜－夜,18-21時,3,火,0,27,2023,24,20,1,2023/1/24,20:27,1,,99000,0,一般交通の場所,1,138.2834381,34.85351306
2,負傷,21,車両相互,1,晴,22,夜－夜,21-24時,3,火,0,5,2023,10,22,1,2023/1/10,22:5,1,,37000,1,交差点－その他,1,138.3124419,34.87378111
2,負傷,21,車両相互,1,晴,22,夜－夜,18-21時,3,火,0,15,2023,20,20,6,2023/6/20,20:15,1,,22270,1,交差点－その他,1,138.29952,34.79462611
2,負傷,21,車両相互,1,晴,22,夜－夜,18-21時,3,火,0,34,2023,24,18,10,2023/10/24,18:34,1,主要地方道－市道,1500,1,交差点－その他,1,138.2993839,34.85143694
2,負傷,21,車両相互,1,晴,22,夜－夜,18-21時,3,火,0,35,2023,14,19,11,2023/11/14,19:35,1,主要地方道－市道,1500,1,交差点－その他,1,138.2995331,34.87459806
2,負傷,21,車両相互,1,晴,22,夜－夜,18-21時,3,火,0,35,2023,24,18,1,2023/1/24,18:35,1,主要地方道－市道,1500,7,交差点付近－その他,1,138.29957,34.87448111
2,負傷,21,車両相互,1,晴,22,夜－夜,18-21時,3,火,0,15,2023,11,19,4,2023/4/11,19:15,1,主要地方道－市道,1500,7,交差点付近－その他,1,138.3340069,34.89551111
2,負傷,21,車両相互,1,晴,22,夜－夜,21-24時,3,火,0,30,2023,2,22,5,2023/5/2,22:30,1,主要地方道－市道,1500,7,交差点付近－その他,1,138.3078111,34.878185
2,負傷,21,車両相互,1,晴,22,夜－夜,15-18時,3,火,0,37,2023,28,17,11,2023/11/28,17:37,1,,24160,7,交差点付近－その他,1,138.3172969,34.85404194
2,負傷,21,車両相互,1,晴,22,夜－夜,18-21時,3,火,0,25,2023,24,18,1,2023/1/24,18:25,1,,37000,14,単路－その他,1,138.3071711,34.85316611
2,負傷,21,車両相互,1,晴,22,夜－夜,3-6時,3,火,0,20,2023,14,4,11,2023/11/14,4:20,1,,37000,14,単路－その他,1,138.28575,34.85225194
2,負傷,21,車両相互,1,晴,22,夜－夜,18-21時,3,火,0,15,2023,19,18,12,2023/12/19,18:15,1,主要地方道－市道,1500,14,単路－その他,1,138.3115131,34.879125
2,負傷,21,車両相互,1,晴,22,夜－夜,18-21時,3,火,0,5,2023,7,19,2,2023/2/7,19:5,2,,24160,14,単路－その他,1,138.3182739,34.85859889
2,負傷,21,車両相互,1,晴,22,夜－夜,18-21時,4,水,0,0,2023,11,18,1,2023/1/11,18:0,1,,37000,1,交差点－その他,1,138.2932469,34.82082694
2,負傷,21,車両相互,1,晴,22,夜－夜,18-21時,4,水,0,26,2023,25,18,1,2023/1/25,18:26,1,主要地方道－市道,1500,1,交差点－その他,1,138.3106519,34.87903
2,負傷,21,車両相互,1,晴,22,夜－夜,18-21時,4,水,0,55,2023,18,19,1,2023/1/18,19:55,1,,37000,1,交差点－その他,1,138.3082081,34.84669194
2,負傷,21,車両相互,1,晴,22,夜－夜,18-21時,4,水,0,25,2023,20,20,12,2023/12/20,20:25,1,,37000,7,交差点付近－その他,1,138.3179381,34.87411389
2,負傷,21,車両相互,1,晴,22,夜－夜,18-21時,4,水,0,5,2023,15,19,3,2023/3/15,19:5,1,,10810,14,単路－その他,1,138.3080161,34.88006111
2,負傷,21,車両相互,1,晴,22,夜－夜,18-21時,4,水,0,26,2023,18,18,10,2023/10/18,18:26,1,,10810,14,単路－その他,1,138.3127439,34.87479611
2,負傷,21,車両相互,1,晴,22,夜－夜,18-21時,4,水,0,21,2023,8,18,11,2023/11/8,18:21,1,,37000,14,単路－その他,1,138.28988,34.85872389
2,負傷,21,車両相互,1,晴,22,夜－夜,18-21時,4,水,0,0,2023,29,18,11,2023/11/29,18:0,1,,37000,14,単路－その他,1,138.3082839,34.85286694
2,負傷,21,車両相互,1,晴,22,夜－夜,18-21時,4,水,0,8,2023,8,19,11,2023/11/8,19:8,1,,37000,14,単路－その他,1,138.2828661,34.859675
2,負傷,21,車両相互,1,晴,22,夜－夜,18-21時,4,水,0,23,2023,15,19,11,2023/11/15,19:23,1,主要地方道－市道,1500,14,単路－その他,1,138.2721681,34.81002611
2,負傷,21,車両相互,1,晴,22,夜－夜,18-21時,4,水,0,10,2023,6,18,12,2023/12/6,18:10,1,,10340,14,単路－その他,1,138.2526861,34.81338194
2,負傷,21,車両相互,1,晴,22,夜－夜,18-21時,4,水,0,16,2023,8,18,11,2023/11/8,18:16,2,,37000,1,交差点－その他,1,138.26517,34.81698694
2,負傷,21,車両相互,1,晴,22,夜－夜,21-24時,4,水,0,31,2023,12,21,4,2023/4/12,21:31,2,,22240,14,単路－その他,1,138.2827831,34.86610389
2,負傷,21,車両相互,1,晴,22,夜－夜,18-21時,4,水,0,30,2023,6,20,12,2023/12/6,20:30,2,主要地方道－市道,1500,14,単路－その他,1,138.2638069,34.80267
2,負傷,21,車両相互,1,晴,22,夜－夜,18-21時,5,木,0,34,2023,5,18,1,2023/1/5,18:34,1,,24160,1,交差点－その他,1,138.3179511,34.845905
2,負傷,21,車両相互,1,晴,22,夜－夜,18-21時,5,木,0,10,2023,16,19,2,2023/2/16,19:10,1,,37000,1,交差点－その他,1,138.3058181,34.88249111
2,負傷,21,車両相互,1,晴,22,夜－夜,18-21時,5,木,0,47,2023,3,20,8,2023/8/3,20:47,1,,37000,1,交差点－その他,1,138.3085461,34.80031694
2,負傷,21,車両相互,1,晴,22,夜－夜,21-24時,5,木,0,30,2023,30,21,11,2023/11/30,21:30,1,,37000,1,交差点－その他,1,138.3233469,34.85045889
2,負傷,21,車両相互,1,晴,22,夜－夜,18-21時,5,木,0,50,2023,31,19,8,2023/8/31,19:50,1,,37000,7,交差点付近－その他,1,138.3094519,34.85493111
2,負傷,21,車両相互,1,晴,22,夜－夜,18-21時,5,木,0,13,2023,2,18,11,2023/11/2,18:13,1,,37000,7,交差点付近－その他,1,138.3248669,34.83212694
2,負傷,21,車両相互,1,晴,22,夜－夜,18-21時,5,木,0,24,2023,9,18,2,2023/2/9,18:24,1,,37000,14,単路－その他,1,138.2947961,34.85385889
2,負傷,21,車両相互,1,晴,22,夜－夜,18-21時,5,木,0,53,2023,12,18,10,2023/10/12,18:53,1,,37000,14,単路－その他,1,138.2852661,34.83621611
2,負傷,21,車両相互,1,晴,22,夜－夜,18-21時,5,木,0,15,2023,28,20,12,2023/12/28,20:15,2,主要地方道－市道,1501,7,交差点付近－その他,1,138.2908619,34.78697806
2,負傷,21,車両相互,1,晴,22,夜－夜,21-24時,5,木,0,37,2023,14,23,9,2023/9/14,23:37,2,主要地方道－市道,1501,14,単路－その他,1,138.3005,34.86613889
2,負傷,21,車両相互,1,晴,22,夜－夜,21-24時,6,金,0,40,2023,24,22,3,2023/3/24,22:40,1,主要地方道－市道,1500,1,交差点－その他,1,138.3056411,34.87773194
2,負傷,21,車両相互,1,晴,22,夜－夜,18-21時,6,金,0,25,2023,4,20,8,2023/8/4,20:25,1,,37000,1,交差点－その他,1,138.3125311,34.84585306
2,負傷,21,車両相互,1,晴,22,夜－夜,21-24時,6,金,0,31,2023,25,22,8,2023/8/25,22:31,1,主要地方道－市道,1500,1,交差点－その他,1,138.29965,34.87461806
2,負傷,21,車両相互,1,晴,22,夜－夜,18-21時,6,金,0,10,2023,1,20,9,2023/9/1,20:10,1,,37000,1,交差点－その他,1,138.3020639,34.85153806
2,負傷,21,車両相互,1,晴,22,夜－夜,18-21時,6,金,0,12,2023,8,19,12,2023/12/8,19:12,1,,37000,1,交差点－その他,1,138.321425,34.84904
2,負傷,21,車両相互,1,晴,22,夜－夜,18-21時,6,金,0,40,2023,8,20,12,2023/12/8,20:40,1,,22220,1,交差点－その他,1,138.2870919,34.86196889
2,負傷,21,車両相互,1,晴,22,夜－夜,21-24時,6,金,0,53,2023,22,21,12,2023/12/22,21:53,1,,37000,1,交差点－その他,1,138.307185,34.86047806
2,負傷,21,車両相互,1,晴,22,夜－夜,18-21時,6,金,0,58,2023,20,18,10,2023/10/20,18:58,1,,37000,7,交差点付近－その他,1,138.2967319,34.88112194
2,負傷,21,車両相互,1,晴,22,夜－夜,18-21時,6,金,0,36,2023,24,20,3,2023/3/24,20:36,1,主要地方道－市道,1502,14,単路－その他,1,138.2797081,34.81652694
2,負傷,21,車両相互,1,晴,22,夜－夜,18-21時,6,金,0,10,2023,1,19,12,2023/12/1,19:10,1,,22240,14,単路－その他,1,138.2890619,34.850675
2,負傷,21,車両相互,1,晴,22,夜－夜,18-21時,6,金,0,8,2023,22,19,12,2023/12/22,19:8,1,,37000,14,単路－その他,1,138.3081289,34.84512
2,負傷,21,車両相互,1,晴,22,夜－夜,18-21時,6,金,0,20,2023,3,18,11,2023/11/3,18:20,2,,99000,0,一般交通の場所,1,138.3203031,34.86210611
2,負傷,21,車両相互,1,晴,22,夜－夜,15-18時,6,金,0,57,2023,29,17,12,2023/12/29,17:57,2,,37000,1,交差点－その他,1,138.311735,34.83240806
2,負傷,21,車両相互,1,晴,22,夜－夜,18-21時,6,金,0,24,2023,14,20,4,2023/4/14,20:24,3,,10810,14,単路－その他,1,138.2995461,34.88305111
2,負傷,21,車両相互,1,晴,22,夜－夜,21-24時,7,土,0,50,2023,18,23,11,2023/11/18,23:50,1,,22220,1,交差点－その他,1,138.2827339,34.86125389
2,負傷,21,車両相互,1,晴,22,夜－夜,0-3時,7,土,0,15,2023,28,1,10,2023/10/28,1:15,1,,22220,7,交差点付近－その他,1,138.2825839,34.86125194
2,負傷,21,車両相互,1,晴,22,夜－夜,18-21時,7,土,0,20,2023,11,19,3,2023/3/11,19:20,1,主要地方道－市道,1500,14,単路－その他,1,138.2997431,34.82907
2,負傷,21,車両相互,1,晴,22,夜－夜,21-24時,7,土,0,23,2023,25,21,2,2023/2/25,21:23,2,主要地方道－市道,1500,1,交差点－その他,1,138.2995881,34.86864111
2,負傷,21,車両相互,1,晴,22,夜－夜,18-21時,7,土,0,30,2023,11,18,11,2023/11/11,18:30,2,,24160,7,交差点付近－その他,1,138.3235811,34.87274806
2,負傷,21,車両相互,1,晴,22,夜－夜,21-24時,7,土,0,8,2023,9,23,12,2023/12/9,23:8,2,主要地方道－市道,1500,7,交差点付近－その他,1,138.3212819,34.88310889
2,負傷,21,車両相互,1,晴,22,夜－夜,18-21時,7,土,0,40,2023,27,20,5,2023/5/27,20:40,3,,37000,1,交差点－その他,1,138.2859981,34.85537806
2,負傷,21,車両相互,1,晴,23,夜－明,6-9時,2,月,0,3,2023,27,6,2,2023/2/27,6:3,1,主要地方道－市道,1500,7,交差点付近－その他,1,138.2995281,34.87021611
2,負傷,21,車両相互,1,晴,23,夜－明,6-9時,4,水,0,22,2023,11,6,1,2023/1/11,6:22,1,,10310,14,単路－その他,1,138.2885419,34.78486389
2,負傷,41,車両単独,1,晴,11,昼－明,6-9時,3,火,0,30,2023,31,6,10,2023/10/31,6:30,1,,37000,14,単路－その他,1,138.3162439,34.85669694
2,負傷,41,車両単独,1,晴,12,昼－昼,9-12時,1,日,0,45,2023,9,9,4,2023/4/9,9:45,1,,37000,1,交差点－その他,1,138.2748639,34.79863306
2,負傷,41,車両単独,1,晴,12,昼－昼,6-9時,3,火,0,30,2023,9,7,5,2023/5/9,7:30,1,,37000,1,交差点－その他,1,138.32172,34.84374694
2,負傷,41,車両単独,1,晴,12,昼－昼,15-18時,4,水,0,15,2023,4,15,10,2023/10/4,15:15,1,,37000,14,単路－その他,1,138.3074331,34.82488611
2,負傷,41,車両単独,1,晴,12,昼－昼,9-12時,5,木,0,50,2023,2,10,11,2023/11/2,10:50,1,,37000,1,交差点－その他,1,138.2934719,34.85791306
2,負傷,41,車両単独,1,晴,13,昼－暮,18-21時,4,水,0,14,2023,10,18,5,2023/5/10,18:14,1,,37000,14,単路－その他,1,138.30043,34.86477306
2,負傷,41,車両単独,1,晴,22,夜－夜,21-24時,4,水,0,30,2023,14,22,6,2023/6/14,22:30,4,,37000,13,単路－カーブ・屈折,1,138.3250131,34.85212611
2,負傷,41,車両単独,1,晴,22,夜－夜,18-21時,5,木,0,40,2023,12,20,1,2023/1/12,20:40,1,主要地方道－市道,1500,7,交差点付近－その他,1,138.300105,34.87514194
2,負傷,41,車両単独,1,晴,22,夜－夜,3-6時,6,金,0,53,2023,28,3,4,2023/4/28,3:53,1,,37000,13,単路－カーブ・屈折,1,138.2806869,34.857435
2,負傷,1,人対車両,2,曇,12,昼－昼,15-18時,2,月,0,25,2023,25,15,9,2023/9/25,15:25,1,,10300,1,交差点－その他,1,138.31724,34.867445
2,負傷,1,人対車両,2,曇,12,昼－昼,12-15時,4,水,0,37,2023,4,12,10,2023/10/4,12:37,1,,24160,7,交差点付近－その他,1,138.3180881,34.84727611
2,負傷,1,人対車両,2,曇,12,昼－昼,15-18時,6,金,0,19,2023,27,15,1,2023/1/27,15:19,1,,99000,0,一般交通の場所,1,138.2997731,34.87536111
2,負傷,1,人対車両,2,曇,12,昼－昼,6-9時,6,金,0,40,2023,22,6,9,2023/9/22,6:40,1,,37000,1,交差点－その他,1,138.27828,34.82489611
2,負傷,1,人対車両,2,曇,12,昼－昼,6-9時,6,金,0,44,2023,7,6,4,2023/4/7,6:44,1,,37000,14,単路－その他,1,138.2821189,34.859405
2,負傷,1,人対車両,2,曇,21,夜－暮,18-21時,4,水,0,15,2023,12,19,4,2023/4/12,19:15,1,,37000,1,交差点－その他,1,138.3109481,34.85995
2,負傷,1,人対車両,2,曇,22,夜－夜,18-21時,4,水,0,28,2023,19,20,4,2023/4/19,20:28,1,,37000,14,単路－その他,1,138.3029669,34.88960194
2,負傷,21,車両相互,2,曇,11,昼－明,6-9時,2,月,0,5,2023,13,6,3,2023/3/13,6:5,1,,37000,1,交差点－その他,1,138.2852589,34.84111889
2,負傷,21,車両相互,2,曇,11,昼－明,6-9時,5,木,0,30,2023,2,7,2,2023/2/2,7:30,1,,37000,1,交差点－その他,1,138.2764881,34.813895
2,負傷,21,車両相互,2,曇,11,昼－明,6-9時,5,木,0,28,2023,16,7,2,2023/2/16,7:28,1,,37000,14,単路－その他,1,138.3055881,34.835175
2,負傷,21,車両相互,2,曇,12,昼－昼,12-15時,1,日,0,27,2023,30,13,4,2023/4/30,13:27,1,,37000,1,交差点－その他,1,138.3084989,34.85286611
2,負傷,21,車両相互,2,曇,12,昼－昼,12-15時,1,日,0,9,2023,9,13,7,2023/7/9,13:9,1,,10310,1,交差点－その他,1,138.3182511,34.82933111
2,負傷,21,車両相互,2,曇,12,昼－昼,12-15時,1,日,0,0,2023,25,14,6,2023/6/25,14:0,1,,37000,7,交差点付近－その他,1,138.2837531,34.82356889
2,負傷,21,車両相互,2,曇,12,昼－昼,12-15時,1,日,0,8,2023,4,14,6,2023/6/4,14:8,1,,10810,14,単路－その他,1,138.3120519,34.87668889
2,負傷,21,車両相互,2,曇,12,昼－昼,9-12時,2,月,0,14,2023,23,11,1,2023/1/23,11:14,1,,37000,1,交差点－その他,1,138.3086681,34.87334389
2,負傷,21,車両相互,2,曇,12,昼－昼,15-18時,2,月,0,0,2023,23,15,1,2023/1/23,15:0,1,主要地方道－市道,1500,1,交差点－その他,1,138.29996,34.85436389
2,負傷,21,車両相互,2,曇,12,昼－昼,15-18時,2,月,0,41,2023,29,17,5,2023/5/29,17:41,1,,37000,1,交差点－その他,1,138.310415,34.83980389
2,負傷,21,車両相互,2,曇,12,昼－昼,15-18時,2,月,0,0,2023,3,17,7,2023/7/3,17:0,1,,37000,1,交差点－その他,1,138.3022311,34.84929694
2,負傷,21,車両相互,2,曇,12,昼－昼,12-15時,2,月,0,33,2023,14,14,8,2023/8/14,14:33,1,,37000,1,交差点－その他,1,138.3092469,34.84543889
2,負傷,21,車両相互,2,曇,12,昼－昼,12-15時,2,月,0,27,2023,4,12,9,2023/9/4,12:27,1,,37000,1,交差点－その他,1,138.2920369,34.85991
2,負傷,21,車両相互,2,曇,12,昼－昼,9-12時,2,月,0,30,2023,27,10,3,2023/3/27,10:30,1,,37000,7,交差点付近－その他,1,138.3066239,34.86903611
2,負傷,21,車両相互,2,曇,12,昼－昼,6-9時,2,月,0,57,2023,14,8,8,2023/8/14,8:57,1,,24160,7,交差点付近－その他,1,138.3272711,34.87749806
2,負傷,21,車両相互,2,曇,12,昼－昼,15-18時,2,月,0,33,2023,3,17,7,2023/7/3,17:33,1,主要地方道－市道,1501,11,単路－トンネル,1,138.3369631,34.89949306
2,負傷,21,車両相互,2,曇,12,昼－昼,12-15時,2,月,0,40,2023,24,12,4,2023/4/24,12:40,1,,37000,14,単路－その他,1,138.297125,34.86599611
2,負傷,21,車両相互,2,曇,12,昼－昼,15-18時,2,月,0,30,2023,19,16,6,2023/6/19,16:30,1,,37000,14,単路－その他,1,138.31499,34.83892694
2,負傷,21,車両相互,2,曇,12,昼－昼,9-12時,2,月,0,46,2023,7,9,8,2023/8/7,9:46,1,主要地方道－市道,1500,14,単路－その他,1,138.305555,34.80112889
2,負傷,21,車両相互,2,曇,12,昼－昼,9-12時,3,火,0,58,2023,27,10,6,2023/6/27,10:58,1,,99000,0,一般交通の場所,1,138.2990419,34.85906611
2,負傷,21,車両相互,2,曇,12,昼－昼,9-12時,3,火,0,50,2023,31,10,1,2023/1/31,10:50,1,,24160,1,交差点－その他,1,138.32323,34.87217611
2,負傷,21,車両相互,2,曇,12,昼－昼,12-15時,3,火,0,13,2023,4,14,7,2023/7/4,14:13,1,,37000,1,交差点－その他,1,138.3041019,34.845785
2,負傷,21,車両相互,2,曇,12,昼－昼,6-9時,3,火,0,6,2023,6,6,6,2023/6/6,6:6,1,,37000,7,交差点付近－その他,1,138.3179939,34.83751806
2,負傷,21,車両相互,2,曇,12,昼－昼,15-18時,3,火,0,39,2023,23,15,5,2023/5/23,15:39,1,,37000,14,単路－その他,1,138.29908,34.85933806
2,負傷,21,車両相互,2,曇,12,昼－昼,12-15時,3,火,0,15,2023,6,12,6,2023/6/6,12:15,2,主要地方道－市道,1500,7,交差点付近－その他,1,138.3054081,34.87768306
2,負傷,21,車両相互,2,曇,12,昼－昼,9-12時,3,火,0,30,2023,30,11,5,2023/5/30,11:30,3,主要地方道－市道,1500,7,交差点付近－その他,1,138.3001869,34.84254
2,負傷,21,車両相互,2,曇,12,昼－昼,6-9時,4,水,0,13,2023,23,8,8,2023/8/23,8:13,1,,99000,0,一般交通の場所,1,138.3210831,34.82696306
2,負傷,21,車両相互,2,曇,12,昼－昼,9-12時,4,水,0,3,2023,16,11,8,2023/8/16,11:3,1,主要地方道－市道,1500,1,交差点－その他,1,138.3003139,34.79547194
2,負傷,21,車両相互,2,曇,12,昼－昼,6-9時,4,水,0,24,2023,6,7,9,2023/9/6,7:24,1,,37000,1,交差点－その他,1,138.3164569,34.85468194
2,負傷,21,車両相互,2,曇,12,昼－昼,6-9時,4,水,0,44,2023,6,8,9,2023/9/6,8:44,1,,23550,1,交差点－その他,1,138.3090261,34.79598306
2,負傷,21,車両相互,2,曇,12,昼－昼,12-15時,4,水,0,55,2023,27,12,12,2023/12/27,12:55,1,主要地方道－市道,1500,7,交差点付近－その他,1,138.3339631,34.89546806
2,負傷,21,車両相互,2,曇,12,昼－昼,15-18時,4,水,0,16,2023,23,17,8,2023/8/23,17:16,1,,10810,12,単路－橋,1,138.3119781,34.87684111
2,負傷,21,車両相互,2,曇,12,昼－昼,15-18時,4,水,0,10,2023,19,17,4,2023/4/19,17:10,1,,37000,14,単路－その他,1,138.3057219,34.88205694
2,負傷,21,車両相互,2,曇,12,昼－昼,12-15時,4,水,0,55,2023,14,14,6,2023/6/14,14:55,1,,10810,14,単路－その他,1,138.304645,34.88113
2,負傷,21,車両相互,2,曇,12,昼－昼,15-18時,4,水,0,55,2023,4,15,10,2023/10/4,15:55,1,,37000,14,単路－その他,1,138.310745,34.85738694
2,負傷,21,車両相互,2,曇,12,昼－昼,6-9時,4,水,0,0,2023,6,7,9,2023/9/6,7:0,2,,37000,1,交差点－その他,1,138.2922961,34.82954111
2,負傷,21,車両相互,2,曇,12,昼－昼,12-15時,4,水,0,0,2023,18,12,1,2023/1/18,12:0,2,主要地方道－市道,1500,14,単路－その他,1,138.2831211,34.81950194
2,負傷,21,車両相互,2,曇,12,昼－昼,15-18時,4,水,0,0,2023,4,15,10,2023/10/4,15:0,2,,37000,14,単路－その他,1,138.3120269,34.83996611
2,負傷,21,車両相互,2,曇,12,昼－昼,9-12時,5,木,0,0,2023,7,9,9,2023/9/7,9:0,1,,37000,1,交差点－その他,1,138.2859981,34.86640194
2,負傷,21,車両相互,2,曇,12,昼－昼,9-12時,5,木,0,58,2023,15,9,6,2023/6/15,9:58,1,,10810,7,交差点付近－その他,1,138.3019681,34.88159306
2,負傷,21,車両相互,2,曇,12,昼－昼,12-15時,5,木,0,30,2023,22,14,6,2023/6/22,14:30,1,,37000,7,交差点付近－その他,1,138.2857181,34.85838389
2,負傷,21,車両相互,2,曇,12,昼－昼,15-18時,5,木,0,40,2023,19,15,1,2023/1/19,15:40,1,,24160,14,単路－その他,1,138.3176011,34.84069194
2,負傷,21,車両相互,2,曇,12,昼－昼,12-15時,5,木,0,30,2023,8,12,6,2023/6/8,12:30,1,,37000,14,単路－その他,1,138.3254931,34.82851306
2,負傷,21,車両相互,2,曇,12,昼－昼,6-9時,5,木,0,33,2023,24,7,8,2023/8/24,7:33,2,,37000,1,交差点－その他,1,138.2591839,34.81805694
2,負傷,21,車両相互,2,曇,12,昼－昼,12-15時,5,木,0,41,2023,24,14,8,2023/8/24,14:41,2,,37000,1,交差点－その他,1,138.3062481,34.87975889
2,負傷,21,車両相互,2,曇,12,昼－昼,9-12時,6,金,0,27,2023,22,11,9,2023/9/22,11:27,1,,99000,0,一般交通の場所,1,138.3206061,34.88311306
2,負傷,21,車両相互,2,曇,12,昼－昼,6-9時,6,金,0,58,2023,23,7,6,2023/6/23,7:58,1,,37000,1,交差点－その他,1,138.2977939,34.81780694
2,負傷,21,車両相互,2,曇,12,昼－昼,6-9時,6,金,0,7,2023,30,8,6,2023/6/30,8:7,1,,37000,1,交差点－その他,1,138.3107761,34.82853806
2,負傷,21,車両相互,2,曇,12,昼－昼,9-12時,6,金,0,5,2023,30,9,6,2023/6/30,9:5,1,,24160,1,交差点－その他,1,138.3176289,34.84146
2,負傷,21,車両相互,2,曇,12,昼－昼,15-18時,6,金,0,18,2023,23,15,6,2023/6/23,15:18,1,,37000,1,交差点－その他,1,138.3187439,34.858325
2,負傷,21,車両相互,2,曇,12,昼－昼,12-15時,6,金,0,35,2023,27,14,1,2023/1/27,14:35,1,,37000,7,交差点付近－その他,1,138.3080161,34.80380111
2,負傷,21,車両相互,2,曇,12,昼－昼,6-9時,6,金,0,3,2023,3,8,3,2023/3/3,8:3,1,,37000,14,単路－その他,1,138.2857231,34.80583889
2,負傷,21,車両相互,2,曇,12,昼－昼,9-12時,6,金,0,30,2023,3,11,2,2023/2/3,11:30,2,,37000,1,交差点－その他,1,138.3140139,34.87347194
2,負傷,21,車両相互,2,曇,12,昼－昼,6-9時,6,金,0,48,2023,19,6,5,2023/5/19,6:48,2,,37000,1,交差点－その他,1,138.26325,34.81515111
2,負傷,21,車両相互,2,曇,12,昼－昼,12-15時,7,土,0,11,2023,14,14,10,2023/10/14,14:11,1,主要地方道－市道,1500,7,交差点付近－その他,1,138.3000669,34.86695611
2,負傷,21,車両相互,2,曇,12,昼－昼,15-18時,7,土,0,54,2023,18,16,3,2023/3/18,16:54,1,,10810,14,単路－その他,1,138.31579,34.86880389
2,負傷,21,車両相互,2,曇,12,昼－昼,6-9時,7,土,0,3,2023,8,8,7,2023/7/8,8:3,1,主要地方道－市道,1500,14,単路－その他,1,138.3320031,34.89365694
2,負傷,21,車両相互,2,曇,13,昼－暮,18-21時,2,月,0,20,2023,8,18,5,2023/5/8,18:20,1,,22220,1,交差点－その他,1,138.3070919,34.86369611
2,負傷,21,車両相互,2,曇,13,昼－暮,15-18時,3,火,0,28,2023,18,17,4,2023/4/18,17:28,3,主要地方道－市道,1500,12,単路－橋,1,138.3135619,34.87965611
2,負傷,21,車両相互,2,曇,13,昼－暮,15-18時,4,水,0,27,2023,1,16,2,2023/2/1,16:27,1,,37000,1,交差点－その他,1,138.32283,34.83416306
2,負傷,21,車両相互,2,曇,21,夜－暮,18-21時,3,火,0,54,2023,1,18,8,2023/8/1,18:54,1,,37000,14,単路－その他,1,138.3119511,34.85229
2,負傷,21,車両相互,2,曇,21,夜－暮,18-21時,3,火,0,27,2023,4,19,7,2023/7/4,19:27,2,主要地方道－市道,1500,1,交差点－その他,1,138.30056,34.83351111
2,負傷,21,車両相互,2,曇,21,夜－暮,15-18時,5,木,0,26,2023,2,17,2,2023/2/2,17:26,1,,24160,1,交差点－その他,1,138.3188319,34.86080889
2,負傷,21,車両相互,2,曇,21,夜－暮,18-21時,5,木,0,52,2023,6,18,4,2023/4/6,18:52,1,,22220,1,交差点－その他,1,138.2826769,34.86131
2,負傷,21,車両相互,2,曇,21,夜－暮,18-21時,5,木,0,50,2023,11,18,5,2023/5/11,18:50,1,,37000,1,交差点－その他,1,138.3126881,34.83887806
2,負傷,21,車両相互,2,曇,21,夜－暮,18-21時,6,金,0,39,2023,12,19,5,2023/5/12,19:39,1,,99000,0,一般交通の場所,1,138.31789,34.85611306
2,負傷,21,車両相互,2,曇,21,夜－暮,15-18時,6,金,0,9,2023,15,17,12,2023/12/15,17:9,1,主要地方道－市道,1500,1,交差点－その他,1,138.30948,34.81836694
2,負傷,21,車両相互,2,曇,21,夜－暮,18-21時,6,金,0,43,2023,17,18,3,2023/3/17,18:43,2,,37000,1,交差点－その他,1,138.2745911,34.81077611
2,負傷,21,車両相互,2,曇,21,夜－暮,18-21時,6,金,0,12,2023,22,18,9,2023/9/22,18:12,3,,22220,1,交差点－その他,1,138.2870319,34.86208806
2,負傷,21,車両相互,2,曇,22,夜－夜,21-24時,2,月,0,13,2023,24,21,4,2023/4/24,21:13,1,主要地方道－市道,1500,14,単路－その他,1,138.2995881,34.86973
2,負傷,21,車両相互,2,曇,22,夜－夜,21-24時,3,火,0,40,2023,24,21,1,2023/1/24,21:40,1,,10810,1,交差点－その他,1,138.3051531,34.88091389
2,負傷,21,車両相互,2,曇,22,夜－夜,18-21時,3,火,0,7,2023,12,20,9,2023/9/12,20:7,3,,99000,0,一般交通の場所,1,138.2887561,34.85257194
2,負傷,21,車両相互,2,曇,22,夜－夜,18-21時,6,金,0,40,2023,24,20,2,2023/2/24,20:40,1,,37000,1,交差点－その他,1,138.3143119,34.87152306
2,負傷,21,車両相互,2,曇,22,夜－夜,21-24時,7,土,0,5,2023,14,21,1,2023/1/14,21:5,1,,37000,1,交差点－その他,1,138.3092581,34.86027611
2,負傷,41,車両単独,2,曇,12,昼－昼,9-12時,5,木,0,40,2023,7,11,9,2023/9/7,11:40,1,,37000,14,単路－その他,1,138.2976619,34.85094111
2,負傷,41,車両単独,2,曇,13,昼－暮,18-21時,5,木,0,0,2023,22,19,6,2023/6/22,19:0,1,,24160,13,単路－カーブ・屈折,1,138.3470689,34.897895
2,負傷,41,車両単独,2,曇,21,夜－暮,18-21時,6,金,0,28,2023,8,18,9,2023/9/8,18:28,4,,37000,14,単路－その他,1,138.3224461,34.86426194
2,負傷,41,車両単独,2,曇,22,夜－夜,0-3時,3,火,0,52,2023,25,2,4,2023/4/25,2:52,1,主要地方道－市道,1500,1,交差点－その他,1,138.3010169,34.85946889
2,負傷,41,車両単独,2,曇,22,夜－夜,21-24時,3,火,0,29,2023,18,21,4,2023/4/18,21:29,4,,37000,1,交差点－その他,1,138.3124781,34.84270194
2,負傷,1,人対車両,3,雨,12,昼－昼,6-9時,1,日,0,7,2023,26,7,3,2023/3/26,7:7,1,,37000,7,交差点付近－その他,1,138.312535,34.84136889
2,負傷,1,人対車両,3,雨,12,昼－昼,9-12時,2,月,0,58,2023,15,9,5,2023/5/15,9:58,1,,99000,0,一般交通の場所,1,138.298765,34.87514806
2,負傷,1,人対車両,3,雨,12,昼－昼,6-9時,2,月,0,45,2023,13,7,3,2023/3/13,7:45,1,,37000,1,交差点－その他,1,138.2944819,34.86253694
2,負傷,1,人対車両,3,雨,12,昼－昼,15-18時,3,火,0,35,2023,4,17,7,2023/7/4,17:35,1,,37000,14,単路－その他,1,138.2829539,34.859585
2,負傷,1,人対車両,3,雨,12,昼－昼,12-15時,5,木,0,1,2023,15,12,6,2023/6/15,12:1,1,,22220,1,交差点－その他,1,138.3087911,34.86384889
2,負傷,1,人対車両,3,雨,12,昼－昼,6-9時,6,金,0,55,2023,17,8,11,2023/11/17,8:55,1,,37000,1,交差点－その他,1,138.3251189,34.83222111
2,負傷,1,人対車両,3,雨,12,昼－昼,9-12時,7,土,0,12,2023,3,9,6,2023/6/3,9:12,1,,37000,14,単路－その他,1,138.28697,34.852085
2,負傷,1,人対車両,3,雨,21,夜－暮,18-21時,2,月,0,5,2023,13,18,2,2023/2/13,18:5,1,,37000,1,交差点－その他,1,138.3054831,34.85565806
2,負傷,1,人対車両,3,雨,22,夜－夜,3-6時,7,土,0,20,2023,14,5,1,2023/1/14,5:20,1,,22240,1,交差点－その他,1,138.2888569,34.851685
2,負傷,21,車両相互,3,雨,12,昼－昼,6-9時,1,日,0,33,2023,30,8,4,2023/4/30,8:33,1,,22220,1,交差点－その他,1,138.3087989,34.863955
2,負傷,21,車両相互,3,雨,12,昼－昼,15-18時,1,日,0,0,2023,6,16,8,2023/8/6,16:0,1,主要地方道－市道,1500,14,単路－その他,1,138.2726231,34.810325
2,負傷,21,車両相互,3,雨,12,昼－昼,12-15時,1,日,0,55,2023,30,13,4,2023/4/30,13:55,2,,22220,14,単路－その他,1,138.2884519,34.86232889
2,負傷,21,車両相互,3,雨,12,昼－昼,15-18時,1,日,0,56,2023,14,15,5,2023/5/14,15:56,2,,37000,14,単路－その他,1,138.2756319,34.8101
2,負傷,21,車両相互,3,雨,12,昼－昼,6-9時,2,月,0,48,2023,13,7,3,2023/3/13,7:48,1,主要地方道－市道,1500,1,交差点－その他,1,138.2665519,34.80514
2,負傷,21,車両相互,3,雨,12,昼－昼,6-9時,2,月,0,57,2023,13,7,3,2023/3/13,7:57,1,,37000,1,交差点－その他,1,138.3063969,34.81864111
2,負傷,21,車両相互,3,雨,12,昼－昼,6-9時,2,月,0,6,2023,13,8,3,2023/3/13,8:6,1,,24160,1,交差点－その他,1,138.3127231,34.83730611
2,負傷,21,車両相互,3,雨,12,昼－昼,12-15時,2,月,0,15,2023,11,13,9,2023/9/11,13:15,1,,22270,7,交差点付近－その他,1,138.2917781,34.79976
2,負傷,21,車両相互,3,雨,12,昼－昼,9-12時,2,月,0,9,2023,13,9,3,2023/3/13,9:9,3,,22220,1,交差点－その他,1,138.2870431,34.86206389
2,負傷,21,車両相互,3,雨,12,昼－昼,15-18時,3,火,0,45,2023,6,16,6,2023/6/6,16:45,1,,10310,1,交差点－その他,1,138.30236,34.80285306
2,負傷,21,車両相互,3,雨,12,昼－昼,6-9時,3,火,0,20,2023,7,7,11,2023/11/7,7:20,1,,24160,1,交差点－その他,1,138.3019839,34.83055111
2,負傷,21,車両相互,3,雨,12,昼－昼,6-9時,3,火,0,22,2023,5,6,9,2023/9/5,6:22,1,主要地方道－市道,1500,14,単路－その他,1,138.2742981,34.81186389
2,負傷,21,車両相互,3,雨,12,昼－昼,6-9時,4,水,0,38,2023,26,7,4,2023/4/26,7:38,1,,37000,1,交差点－その他,1,138.3117611,34.83243111
2,負傷,21,車両相互,3,雨,12,昼－昼,6-9時,4,水,0,55,2023,31,7,5,2023/5/31,7:55,1,主要地方道－市道,1500,1,交差点－その他,1,138.30799,34.80381806
2,負傷,21,車両相互,3,雨,12,昼－昼,6-9時,4,水,0,43,2023,31,7,5,2023/5/31,7:43,1,,37000,1,交差点－その他,1,138.2837861,34.82400194
2,負傷,21,車両相互,3,雨,12,昼－昼,6-9時,4,水,0,41,2023,9,7,8,2023/8/9,7:41,1,,22270,1,交差点－その他,1,138.2684181,34.82031194
2,負傷,21,車両相互,3,雨,12,昼－昼,6-9時,4,水,0,50,2023,4,7,10,2023/10/4,7:50,1,,10300,1,交差点－その他,1,138.2928,34.87241694
2,負傷,21,車両相互,3,雨,12,昼－昼,6-9時,4,水,0,18,2023,4,8,10,2023/10/4,8:18,1,,37000,1,交差点－その他,1,138.2936631,34.846815
2,負傷,21,車両相互,3,雨,12,昼－昼,9-12時,4,水,0,20,2023,31,9,5,2023/5/31,9:20,1,,37000,13,単路－カーブ・屈折,1,138.2869739,34.84451306
2,負傷,21,車両相互,3,雨,12,昼－昼,9-12時,5,木,0,10,2023,13,10,4,2023/4/13,10:10,1,,99000,0,一般交通の場所,1,138.31719,34.84133611
2,負傷,21,車両相互,3,雨,12,昼－昼,15-18時,5,木,0,20,2023,1,17,6,2023/6/1,17:20,1,,99000,0,一般交通の場所,1,138.285245,34.86111083
2,負傷,21,車両相互,3,雨,12,昼－昼,15-18時,5,木,0,30,2023,15,16,6,2023/6/15,16:30,1,,37000,1,交差点－その他,1,138.3081939,34.84810194
2,負傷,21,車両相互,3,雨,12,昼－昼,6-9時,5,木,0,20,2023,24,8,8,2023/8/24,8:20,1,,37000,1,交差点－その他,1,138.3223511,34.86703194
2,負傷,21,車両相互,3,雨,12,昼－昼,9-12時,5,木,0,19,2023,24,9,8,2023/8/24,9:19,1,,37000,1,交差点－その他,1,138.3154461,34.82955889
2,負傷,21,車両相互,3,雨,12,昼－昼,6-9時,5,木,0,43,2023,21,6,9,2023/9/21,6:43,1,,37000,1,交差点－その他,1,138.3066011,34.85699389
2,負傷,21,車両相互,3,雨,12,昼－昼,6-9時,5,木,0,45,2023,21,7,9,2023/9/21,7:45,1,,22270,1,交差点－その他,1,138.2751511,34.81863306
2,負傷,21,車両相互,3,雨,12,昼－昼,9-12時,5,木,0,25,2023,21,10,9,2023/9/21,10:25,1,,37000,7,交差点付近－その他,1,138.3025069,34.85420306
2,負傷,21,車両相互,3,雨,12,昼－昼,9-12時,5,木,0,58,2023,21,10,9,2023/9/21,10:58,1,,42720,14,単路－その他,1,138.2821161,34.85108389
2,負傷,21,車両相互,3,雨,12,昼－昼,6-9時,5,木,0,10,2023,21,7,9,2023/9/21,7:10,2,主要地方道－市道,1501,7,交差点付近－その他,1,138.3007789,34.857015
2,負傷,21,車両相互,3,雨,12,昼－昼,12-15時,5,木,0,25,2023,24,12,8,2023/8/24,12:25,2,,10810,14,単路－その他,1,138.3101039,34.879495
2,負傷,21,車両相互,3,雨,12,昼－昼,12-15時,5,木,0,50,2023,15,13,6,2023/6/15,13:50,3,,37000,1,交差点－その他,1,138.2961331,34.88323111
2,負傷,21,車両相互,3,雨,12,昼－昼,9-12時,6,金,0,33,2023,10,10,2,2023/2/10,10:33,1,,37000,1,交差点－その他,1,138.3064619,34.872265
2,負傷,21,車両相互,3,雨,12,昼－昼,12-15時,6,金,0,15,2023,7,14,4,2023/4/7,14:15,1,主要地方道－市道,1500,1,交差点－その他,1,138.268255,34.80657306
2,負傷,21,車両相互,3,雨,12,昼－昼,9-12時,6,金,0,52,2023,19,9,5,2023/5/19,9:52,1,,24160,1,交差点－その他,1,138.3176139,34.84138306
2,負傷,21,車両相互,3,雨,12,昼－昼,6-9時,6,金,0,20,2023,9,8,6,2023/6/9,8:20,1,,37000,1,交差点－その他,1,138.3075961,34.87210194
2,負傷,21,車両相互,3,雨,12,昼－昼,9-12時,6,金,0,20,2023,10,10,11,2023/11/10,10:20,1,,37000,1,交差点－その他,1,138.287305,34.81505389
2,負傷,21,車両相互,3,雨,12,昼－昼,9-12時,6,金,0,55,2023,17,10,11,2023/11/17,10:55,1,,24160,1,交差点－その他,1,138.3176761,34.84145111
2,負傷,21,車両相互,3,雨,12,昼－昼,15-18時,6,金,0,10,2023,10,16,2,2023/2/10,16:10,1,,37000,7,交差点付近－その他,1,138.3098511,34.86051194
2,負傷,21,車両相互,3,雨,12,昼－昼,12-15時,6,金,0,3,2023,30,14,6,2023/6/30,14:3,1,,22270,7,交差点付近－その他,1,138.2866481,34.80863694
2,負傷,21,車両相互,3,雨,12,昼－昼,6-9時,6,金,0,50,2023,8,7,9,2023/9/8,7:50,1,,37000,7,交差点付近－その他,1,138.3291569,34.88024889
2,負傷,21,車両相互,3,雨,12,昼－昼,6-9時,6,金,0,51,2023,15,8,12,2023/12/15,8:51,1,,37000,7,交差点付近－その他,1,138.3165711,34.86886806
2,負傷,21,車両相互,3,雨,12,昼－昼,9-12時,6,金,0,5,2023,19,11,5,2023/5/19,11:5,1,,10300,14,単路－その他,1,138.3190431,34.86703389
2,負傷,21,車両相互,3,雨,12,昼－昼,6-9時,6,金,0,25,2023,22,8,9,2023/9/22,8:25,1,,37000,14,単路－その他,1,138.3081039,34.84555194
2,負傷,21,車両相互,3,雨,12,昼－昼,9-12時,6,金,0,15,2023,17,11,11,2023/11/17,11:15,1,,37000,14,単路－その他,1,138.3076389,34.86177306
2,負傷,21,車両相互,3,雨,12,昼－昼,6-9時,6,金,0,48,2023,8,7,9,2023/9/8,7:48,2,,37000,7,交差点付近－その他,1,138.3243331,34.87049389
2,負傷,21,車両相互,3,雨,12,昼－昼,6-9時,7,土,0,35,2023,18,8,3,2023/3/18,8:35,1,,37000,1,交差点－その他,1,138.2719061,34.81728889
2,負傷,21,車両相互,3,雨,12,昼－昼,9-12時,7,土,0,18,2023,18,9,3,2023/3/18,9:18,1,,37000,1,交差点－その他,1,138.2985389,34.85934889
2,負傷,21,車両相互,3,雨,12,昼－昼,9-12時,7,土,0,40,2023,25,10,3,2023/3/25,10:40,1,,37000,1,交差点－その他,1,138.31217,34.858935
2,負傷,21,車両相互,3,雨,12,昼－昼,6-9時,7,土,0,49,2023,25,7,3,2023/3/25,7:49,1,,10810,7,交差点付近－その他,1,138.304915,34.88104806
2,負傷,21,車両相互,3,雨,12,昼－昼,12-15時,7,土,0,45,2023,13,13,5,2023/5/13,13:45,1,,37000,7,交差点付近－その他,1,138.3044911,34.84235889
2,負傷,21,車両相互,3,雨,12,昼－昼,6-9時,7,土,0,25,2023,1,8,7,2023/7/1,8:25,1,,37000,7,交差点付近－その他,1,138.2840861,34.82320389
2,負傷,21,車両相互,3,雨,12,昼－昼,9-12時,7,土,0,2,2023,15,10,4,2023/4/15,10:2,1,,10340,14,単路－その他,1,138.2544981,34.81494194
2,負傷,21,車両相互,3,雨,12,昼－昼,6-9時,7,土,0,54,2023,8,8,7,2023/7/8,8:54,1,,37000,14,単路－その他,1,138.2825239,34.8626
2,負傷,21,車両相互,3,雨,13,昼－暮,15-18時,1,日,0,10,2023,26,17,3,2023/3/26,17:10,2,主要地方道－市道,1500,1,交差点－その他,1,138.3030381,34.79842306
2,負傷,21,車両相互,3,雨,13,昼－暮,15-18時,2,月,0,43,2023,4,17,9,2023/9/4,17:43,1,,37000,1,交差点－その他,1,138.30199,34.85235806
2,負傷,21,車両相互,3,雨,13,昼－暮,15-18時,5,木,0,15,2023,23,17,3,2023/3/23,17:15,1,,22240,14,単路－その他,1,138.2821269,34.86675694
2,負傷,21,車両相互,3,雨,21,夜－暮,15-18時,1,日,0,19,2023,15,17,1,2023/1/15,17:19,1,主要地方道－市道,1500,14,単路－その他,1,138.2999211,34.85388694
2,負傷,21,車両相互,3,雨,21,夜－暮,18-21時,4,水,0,10,2023,9,19,8,2023/8/9,19:10,1,,37000,1,交差点－その他,1,138.307165,34.882095
2,負傷,21,車両相互,3,雨,21,夜－暮,18-21時,5,木,0,54,2023,7,18,9,2023/9/7,18:54,1,主要地方道－市道,1500,1,交差点－その他,1,138.2961519,34.82653694
2,負傷,21,車両相互,3,雨,21,夜－暮,18-21時,5,木,0,5,2023,21,18,9,2023/9/21,18:5,1,,37000,14,単路－その他,1,138.305715,34.87813
2,負傷,21,車両相互,3,雨,21,夜－暮,15-18時,6,金,0,40,2023,20,17,10,2023/10/20,17:40,1,,10810,1,交差点－その他,1,138.3051981,34.88089194
2,負傷,21,車両相互,3,雨,21,夜－暮,15-18時,6,金,0,33,2023,10,17,11,2023/11/10,17:33,1,,37000,1,交差点－その他,1,138.268755,34.81113306
2,負傷,21,車両相互,3,雨,21,夜－暮,15-18時,6,金,0,42,2023,10,17,11,2023/11/10,17:42,1,主要地方道－市道,1501,14,単路－その他,1,138.29997,34.84185611
2,負傷,21,車両相互,3,雨,21,夜－暮,15-18時,7,土,0,8,2023,16,17,12,2023/12/16,17:8,2,,22240,14,単路－その他,1,138.2827911,34.86616889
2,負傷,21,車両相互,3,雨,22,夜－夜,21-24時,1,日,0,5,2023,11,21,6,2023/6/11,21:5,1,主要地方道－市道,1500,7,交差点付近－その他,1,138.2995081,34.86969694
2,負傷,21,車両相互,3,雨,22,夜－夜,18-21時,2,月,0,40,2023,13,18,2,2023/2/13,18:40,1,,37000,14,単路－その他,1,138.2869769,34.85342
2,負傷,21,車両相互,3,雨,22,夜－夜,18-21時,4,水,0,5,2023,5,20,7,2023/7/5,20:5,2,,37000,7,交差点付近－その他,1,138.3083819,34.85287194
2,負傷,21,車両相互,3,雨,22,夜－夜,3-6時,6,金,0,0,2023,17,5,11,2023/11/17,5:0,2,,37000,1,交差点－その他,1,138.2941239,34.88080194
2,負傷,21,車両相互,3,雨,22,夜－夜,18-21時,7,土,0,50,2023,29,19,4,2023/4/29,19:50,1,,37000,1,交差点－その他,1,138.3069711,34.86429389
2,負傷,21,車両相互,3,雨,22,夜－夜,21-24時,7,土,0,20,2023,1,21,7,2023/7/1,21:20,1,,37000,1,交差点－その他,1,138.2943189,34.86842694
2,負傷,21,車両相互,3,雨,22,夜－夜,18-21時,7,土,0,45,2023,16,18,12,2023/12/16,18:45,3,,10300,1,交差点－その他,1,138.2992381,34.87114
2,負傷,21,車両相互,3,雨,22,夜－夜,18-21時,7,土,0,50,2023,14,18,10,2023/10/14,18:50,4,,10310,1,交差点－その他,1,138.296205,34.79437389
2,負傷,21,車両相互,3,雨,23,夜－明,3-6時,3,火,0,50,2023,12,5,12,2023/12/12,5:50,3,主要地方道－市道,1500,1,交差点－その他,1,138.2606,34.79987806
2,負傷,41,車両単独,3,雨,12,昼－昼,12-15時,1,日,0,10,2023,26,13,3,2023/3/26,13:10,1,,37000,14,単路－その他,1,138.3126581,34.80451194
2,負傷,41,車両単独,3,雨,12,昼－昼,15-18時,5,木,0,20,2023,22,15,6,2023/6/22,15:20,1,,37000,13,単路－カーブ・屈折,1,138.3073039,34.862405
2,負傷,41,車両単独,3,雨,22,夜－夜,0-3時,3,火,0,20,2023,7,0,11,2023/11/7,0:20,1,,37000,14,単路－その他,1,138.2836289,34.79412306
