original_name,display_name,label_flag
指定暑熱避難施設の名称,名称,
所在地,所在地
日曜開放開始時刻,開始時間（日曜）
月曜開放開始時刻,開始時間（月曜）
火曜開放開始時刻,開始時間（火曜）
水曜開放開始時刻,開始時間（水曜）
木曜開放開始時刻,開始時間（木曜）
金曜開放開始時刻,開始時間（金曜）
土曜開放開始時刻,開始時間（土曜）
日曜開放終了時刻,終了時間（日曜）
月曜開放終了時刻,終了時間（月曜）
火曜開放終了時刻,終了時間（火曜）
水曜開放終了時刻,終了時間（水曜）
木曜開放終了時刻,終了時間（木曜）
金曜開放終了時刻,終了時間（金曜）
土曜開放終了時刻,終了時間（土曜）
指定暑熱避難施設を開放することができる日及び時間帯特記事項,特記事項
指定暑熱避難施設の開放により受け入れることが可能であると見込まれる人数,受け入れ人数（見込み）
施設区分,施設区分
市管理区分,管理区分