事故内容,事故内容区分,事故類型,事故類型区分,天候,天候区分,昼夜,昼夜区分,時間帯区分,曜日(発生年月日),曜日区分,死者数,発生日時　　分,発生日時　　年,発生日時　　日,発生日時　　時,発生日時　　月,発生日時（年月日）,発生日時（時間）,負傷者数,路線,路線コード,道路形状,道路形状区分,件数,経度,緯度
1,死亡,41,車両単独,1,晴,12,昼－昼,6-9時,6,金,1,55,2021,10,06,09,2021-09-10,06:55,0,一般市町村道,3700,1,交差点－その他,1,138.3329722,34.8404722
1,死亡,21,車両相互,3,雨,22,夜－夜,21-24時,4,水,1,11,2021,12,21,05,2021-05-12,21:11,0,一般都道府県道,2224,7,交差点付近－その他,1,138.2885555,34.8560277
2,負傷,1,人対車両,1,晴,11,昼－明,6-9時,5,木,0,20,2021,16,07,12,2021-12-16,07:20,1,一般市町村道,3700,14,単路－その他,1,138.31025,34.8596944
2,負傷,1,人対車両,1,晴,12,昼－昼,15-18時,1,日,0,25,2021,13,16,06,2021-06-13,16:25,1,一般市町村道,3700,14,単路－その他,1,138.3233888,34.8306666
2,負傷,1,人対車両,1,晴,12,昼－昼,12-15時,2,月,0,45,2021,22,13,02,2021-02-22,13:45,1,一般市町村道,3700,1,交差点－その他,1,138.3235555,34.8388333
2,負傷,1,人対車両,1,晴,12,昼－昼,9-12時,2,月,0,40,2021,26,09,07,2021-07-26,09:40,1,主要地方道－都道府県道,1031,1,交差点－その他,1,138.3181944,34.8314166
2,負傷,1,人対車両,1,晴,12,昼－昼,15-18時,2,月,0,55,2021,07,16,06,2021-06-07,16:55,1,一般市町村道,3700,14,単路－その他,1,138.2855555,34.8330555
2,負傷,1,人対車両,1,晴,12,昼－昼,12-15時,2,月,0,11,2021,13,13,09,2021-09-13,13:11,1,一般市町村道,3700,14,単路－その他,1,138.3178611,34.8537222
2,負傷,1,人対車両,1,晴,12,昼－昼,9-12時,3,火,0,10,2021,20,09,04,2021-04-20,09:10,1,一般の交通の用に供するその他の道路,9900,0,一般交通の場所,1,138.2903888,34.85975
2,負傷,1,人対車両,1,晴,12,昼－昼,6-9時,3,火,0,00,2021,12,08,01,2021-01-12,08:00,1,主要地方道－都道府県道,1030,1,交差点－その他,1,138.3152222,34.8732222
2,負傷,1,人対車両,1,晴,12,昼－昼,9-12時,3,火,0,17,2021,30,11,03,2021-03-30,11:17,1,一般市町村道,3700,1,交差点－その他,1,138.3256666,34.87375
2,負傷,1,人対車両,1,晴,12,昼－昼,12-15時,3,火,0,50,2021,20,14,04,2021-04-20,14:50,1,一般都道府県道,2222,7,交差点付近－その他,1,138.31525,34.8638055
2,負傷,1,人対車両,1,晴,12,昼－昼,6-9時,3,火,0,14,2021,26,07,10,2021-10-26,07:14,1,一般市町村道,3700,14,単路－その他,1,138.2978611,34.8706111
2,負傷,1,人対車両,1,晴,12,昼－昼,6-9時,3,火,0,30,2021,16,07,11,2021-11-16,07:30,1,一般市町村道,3700,14,単路－その他,1,138.2926388,34.866
2,負傷,1,人対車両,1,晴,12,昼－昼,15-18時,4,水,0,16,2021,10,15,03,2021-03-10,15:16,1,一般市町村道,3700,1,交差点－その他,1,138.2848888,34.8532777
2,負傷,1,人対車両,1,晴,12,昼－昼,12-15時,4,水,0,23,2021,24,14,11,2021-11-24,14:23,1,一般市町村道,3700,1,交差点－その他,1,138.3090277,34.8666111
2,負傷,1,人対車両,1,晴,12,昼－昼,9-12時,4,水,0,58,2021,02,09,06,2021-06-02,09:58,1,一般市町村道,3700,14,単路－その他,1,138.2756111,34.8097222
2,負傷,1,人対車両,1,晴,12,昼－昼,9-12時,5,木,0,04,2021,14,09,10,2021-10-14,09:04,1,一般市町村道,3700,1,交差点－その他,1,138.3252222,34.8308333
2,負傷,1,人対車両,1,晴,12,昼－昼,12-15時,5,木,0,30,2021,25,12,02,2021-02-25,12:30,1,一般市町村道,3700,14,単路－その他,1,138.3102777,34.8904166
2,負傷,1,人対車両,1,晴,12,昼－昼,15-18時,6,金,0,52,2021,29,15,10,2021-10-29,15:52,1,一般の交通の用に供するその他の道路,9900,0,一般交通の場所,1,138.2886388,34.853
2,負傷,1,人対車両,1,晴,12,昼－昼,9-12時,7,土,0,51,2021,28,10,08,2021-08-28,10:51,1,一般の交通の用に供するその他の道路,9900,0,一般交通の場所,1,138.3085833,34.8380277
2,負傷,1,人対車両,1,晴,12,昼－昼,9-12時,7,土,0,09,2021,25,09,12,2021-12-25,09:09,1,一般市町村道,3700,14,単路－その他,1,138.3213333,34.8717222
2,負傷,1,人対車両,1,晴,13,昼－暮,15-18時,4,水,0,00,2021,24,17,02,2021-02-24,17:00,1,一般市町村道,3700,14,単路－その他,1,138.2586666,34.8056388
2,負傷,1,人対車両,1,晴,21,夜－暮,18-21時,1,日,0,14,2021,18,19,04,2021-04-18,19:14,1,一般市町村道,3700,7,交差点付近－その他,1,138.3144166,34.8638611
2,負傷,1,人対車両,1,晴,21,夜－暮,18-21時,1,日,0,20,2021,28,18,02,2021-02-28,18:20,1,一般市町村道,3700,14,単路－その他,1,138.3108888,34.8388055
2,負傷,1,人対車両,1,晴,21,夜－暮,15-18時,2,月,0,30,2021,15,17,11,2021-11-15,17:30,1,一般都道府県道,2213,13,単路－カーブ・屈折,1,138.3135555,34.8820833
2,負傷,1,人対車両,1,晴,21,夜－暮,15-18時,5,木,0,14,2021,23,17,12,2021-12-23,17:14,1,一般市町村道,3700,14,単路－その他,1,138.2925,34.8599166
2,負傷,1,人対車両,1,晴,21,夜－暮,18-21時,6,金,0,07,2021,26,18,03,2021-03-26,18:07,1,一般の交通の用に供するその他の道路,9900,0,一般交通の場所,1,138.29825,34.8682777
2,負傷,1,人対車両,1,晴,22,夜－夜,21-24時,1,日,0,30,2021,25,22,07,2021-07-25,22:30,1,一般の交通の用に供するその他の道路,9900,0,一般交通の場所,1,138.3201388,34.8653611
2,負傷,1,人対車両,1,晴,22,夜－夜,18-21時,2,月,0,13,2021,29,20,03,2021-03-29,20:13,1,一般都道府県道,2416,1,交差点－その他,1,138.3238611,34.87325
2,負傷,1,人対車両,1,晴,22,夜－夜,18-21時,4,水,0,20,2021,15,20,09,2021-09-15,20:20,1,一般市町村道,3700,1,交差点－その他,1,138.3132222,34.8388055
2,負傷,1,人対車両,1,晴,22,夜－夜,18-21時,4,水,0,24,2021,17,20,11,2021-11-17,20:24,1,一般市町村道,3700,1,交差点－その他,1,138.2888333,34.8012222
2,負傷,1,人対車両,1,晴,22,夜－夜,15-18時,5,木,0,54,2021,11,17,11,2021-11-11,17:54,1,一般市町村道,3700,1,交差点－その他,1,138.2890555,34.8633611
2,負傷,1,人対車両,1,晴,22,夜－夜,18-21時,6,金,0,55,2021,22,18,10,2021-10-22,18:55,1,一般都道府県道,2227,1,交差点－その他,1,138.2994722,34.7945555
2,負傷,1,人対車両,1,晴,22,夜－夜,18-21時,6,金,0,39,2021,24,18,12,2021-12-24,18:39,1,一般市町村道,3700,1,交差点－その他,1,138.32225,34.8661388
2,負傷,1,人対車両,1,晴,22,夜－夜,21-24時,7,土,0,12,2021,20,21,11,2021-11-20,21:12,1,一般市町村道,3700,1,交差点－その他,1,138.3231388,34.8309444
2,負傷,1,人対車両,1,晴,23,夜－明,6-9時,5,木,0,18,2021,09,06,12,2021-12-09,06:18,1,一般都道府県道,2224,1,交差点－その他,1,138.2882222,34.8586111
2,負傷,1,人対車両,1,晴,23,夜－明,6-9時,6,金,0,34,2021,15,06,01,2021-01-15,06:34,1,一般市町村道,3700,1,交差点－その他,1,138.28875,34.8681388
2,負傷,21,車両相互,1,晴,11,昼－明,6-9時,1,日,0,55,2021,14,06,03,2021-03-14,06:55,1,一般国道（国道番号）,150,14,単路－その他,1,138.3009444,34.8303888
2,負傷,21,車両相互,1,晴,11,昼－明,6-9時,1,日,0,22,2021,28,07,11,2021-11-28,07:22,2,一般市町村道,3700,1,交差点－その他,1,138.3005833,34.8661666
2,負傷,21,車両相互,1,晴,11,昼－明,6-9時,2,月,0,43,2021,18,07,01,2021-01-18,07:43,1,一般市町村道,3700,1,交差点－その他,1,138.3135,34.8550833
2,負傷,21,車両相互,1,晴,11,昼－明,6-9時,2,月,0,20,2021,29,07,11,2021-11-29,07:20,1,主要地方道－都道府県道,1030,1,交差点－その他,1,138.2836666,34.87125
2,負傷,21,車両相互,1,晴,11,昼－明,6-9時,2,月,0,58,2021,15,06,11,2021-11-15,06:58,1,一般市町村道,3700,1,交差点－その他,1,138.3231111,34.8428888
2,負傷,21,車両相互,1,晴,11,昼－明,6-9時,2,月,0,06,2021,15,07,11,2021-11-15,07:06,1,一般市町村道,3700,1,交差点－その他,1,138.324,34.8727222
2,負傷,21,車両相互,1,晴,11,昼－明,6-9時,2,月,0,35,2021,13,07,12,2021-12-13,07:35,1,一般市町村道,3700,1,交差点－その他,1,138.3081944,34.8480555
2,負傷,21,車両相互,1,晴,11,昼－明,6-9時,2,月,0,00,2021,20,07,12,2021-12-20,07:00,1,一般市町村道,3700,7,交差点付近－その他,1,138.3001388,34.8793611
2,負傷,21,車両相互,1,晴,11,昼－明,6-9時,2,月,0,19,2021,22,07,02,2021-02-22,07:19,1,一般市町村道,3700,14,単路－その他,1,138.2744166,34.811
2,負傷,21,車両相互,1,晴,11,昼－明,6-9時,2,月,0,05,2021,01,07,02,2021-02-01,07:05,2,一般国道（国道番号）,150,1,交差点－その他,1,138.3110555,34.81
2,負傷,21,車両相互,1,晴,11,昼－明,6-9時,2,月,0,10,2021,29,07,11,2021-11-29,07:10,2,主要地方道－都道府県道,1030,1,交差点－その他,1,138.2836388,34.8712777
2,負傷,21,車両相互,1,晴,11,昼－明,6-9時,3,火,0,30,2021,09,06,03,2021-03-09,06:30,1,一般国道（国道番号）,150,7,交差点付近－その他,1,138.2996666,34.8689166
2,負傷,21,車両相互,1,晴,11,昼－明,6-9時,3,火,0,40,2021,21,07,12,2021-12-21,07:40,1,一般市町村道,3700,7,交差点付近－その他,1,138.2991944,34.8540833
2,負傷,21,車両相互,1,晴,11,昼－明,3-6時,3,火,0,00,2021,18,05,05,2021-05-18,05:00,1,一般市町村道,3700,13,単路－カーブ・屈折,1,138.2856388,34.8335555
2,負傷,21,車両相互,1,晴,11,昼－明,6-9時,3,火,0,39,2021,05,06,10,2021-10-05,06:39,2,一般都道府県道,2224,1,交差点－その他,1,138.2932777,34.8425277
2,負傷,21,車両相互,1,晴,11,昼－明,6-9時,4,水,0,36,2021,20,07,01,2021-01-20,07:36,1,一般都道府県道,2355,1,交差点－その他,1,138.3278055,34.8443888
2,負傷,21,車両相互,1,晴,11,昼－明,6-9時,4,水,0,29,2021,03,07,02,2021-02-03,07:29,1,一般市町村道,3700,1,交差点－その他,1,138.2978888,34.8701388
2,負傷,21,車両相互,1,晴,11,昼－明,6-9時,4,水,0,10,2021,24,07,02,2021-02-24,07:10,1,一般市町村道,3700,1,交差点－その他,1,138.2984166,34.8603333
2,負傷,21,車両相互,1,晴,11,昼－明,6-9時,4,水,0,05,2021,01,06,09,2021-09-01,06:05,1,一般市町村道,3700,1,交差点－その他,1,138.3102777,34.8745
2,負傷,21,車両相互,1,晴,11,昼－明,6-9時,4,水,0,29,2021,15,07,12,2021-12-15,07:29,1,一般市町村道,3700,1,交差点－その他,1,138.299,34.8660833
2,負傷,21,車両相互,1,晴,11,昼－明,6-9時,4,水,0,14,2021,24,07,11,2021-11-24,07:14,1,一般国道（国道番号）,150,14,単路－その他,1,138.3004444,34.837
2,負傷,21,車両相互,1,晴,11,昼－明,6-9時,4,水,0,48,2021,17,06,11,2021-11-17,06:48,2,一般市町村道,3700,14,単路－その他,1,138.2503055,34.8186666
2,負傷,21,車両相互,1,晴,11,昼－明,6-9時,5,木,0,45,2021,07,07,01,2021-01-07,07:45,1,一般国道（国道番号）,150,1,交差点－その他,1,138.2801944,34.8169722
2,負傷,21,車両相互,1,晴,11,昼－明,6-9時,5,木,0,15,2021,02,07,12,2021-12-02,07:15,1,一般都道府県道,2227,1,交差点－その他,1,138.2803055,34.8145555
2,負傷,21,車両相互,1,晴,11,昼－明,6-9時,5,木,0,25,2021,09,07,12,2021-12-09,07:25,1,一般市町村道,3700,7,交差点付近－その他,1,138.2990833,34.8699444
2,負傷,21,車両相互,1,晴,11,昼－明,6-9時,5,木,0,45,2021,21,07,01,2021-01-21,07:45,1,一般都道府県道,2222,14,単路－その他,1,138.2920833,34.8626111
2,負傷,21,車両相互,1,晴,11,昼－明,6-9時,5,木,0,55,2021,07,06,01,2021-01-07,06:55,3,一般市町村道,3700,1,交差点－その他,1,138.3256388,34.8624722
2,負傷,21,車両相互,1,晴,11,昼－明,3-6時,6,金,0,59,2021,11,04,06,2021-06-11,04:59,1,一般の交通の用に供するその他の道路,9900,0,一般交通の場所,1,138.2735833,34.7997222
2,負傷,21,車両相互,1,晴,11,昼－明,6-9時,6,金,0,30,2021,29,07,01,2021-01-29,07:30,1,一般市町村道,3700,1,交差点－その他,1,138.2961388,34.8752222
2,負傷,21,車両相互,1,晴,11,昼－明,6-9時,6,金,0,15,2021,19,07,02,2021-02-19,07:15,1,一般都道府県道,2342,14,単路－その他,1,138.2593888,34.8009166
2,負傷,21,車両相互,1,晴,11,昼－明,6-9時,7,土,0,45,2021,23,06,10,2021-10-23,06:45,1,一般市町村道,3700,1,交差点－その他,1,138.3139166,34.8683055
2,負傷,21,車両相互,1,晴,12,昼－昼,12-15時,1,日,0,40,2021,28,14,02,2021-02-28,14:40,1,一般の交通の用に供するその他の道路,9900,0,一般交通の場所,1,138.2731944,34.8111111
2,負傷,21,車両相互,1,晴,12,昼－昼,9-12時,1,日,0,25,2021,11,09,04,2021-04-11,09:25,1,一般の交通の用に供するその他の道路,9900,0,一般交通の場所,1,138.3000555,34.8539444
2,負傷,21,車両相互,1,晴,12,昼－昼,9-12時,1,日,0,40,2021,11,09,04,2021-04-11,09:40,1,一般市町村道,3700,1,交差点－その他,1,138.3144444,34.8618611
2,負傷,21,車両相互,1,晴,12,昼－昼,9-12時,1,日,0,24,2021,09,10,05,2021-05-09,10:24,1,一般市町村道,3700,1,交差点－その他,1,138.3231666,34.83325
2,負傷,21,車両相互,1,晴,12,昼－昼,9-12時,1,日,0,25,2021,13,10,06,2021-06-13,10:25,1,一般市町村道,3700,1,交差点－その他,1,138.3183055,34.8566388
2,負傷,21,車両相互,1,晴,12,昼－昼,9-12時,1,日,0,10,2021,29,10,08,2021-08-29,10:10,1,一般市町村道,3700,1,交差点－その他,1,138.3198611,34.8623888
2,負傷,21,車両相互,1,晴,12,昼－昼,12-15時,1,日,0,29,2021,14,13,11,2021-11-14,13:29,1,一般市町村道,3700,1,交差点－その他,1,138.3033888,34.8787777
2,負傷,21,車両相互,1,晴,12,昼－昼,9-12時,1,日,0,50,2021,26,10,12,2021-12-26,10:50,1,一般市町村道,3700,1,交差点－その他,1,138.29925,34.8433333
2,負傷,21,車両相互,1,晴,12,昼－昼,15-18時,1,日,0,15,2021,30,17,05,2021-05-30,17:15,1,一般都道府県道,2416,7,交差点付近－その他,1,138.3255833,34.8750555
2,負傷,21,車両相互,1,晴,12,昼－昼,9-12時,1,日,0,00,2021,25,11,07,2021-07-25,11:00,1,一般国道（国道番号）,150,7,交差点付近－その他,1,138.2734444,34.8111666
2,負傷,21,車両相互,1,晴,12,昼－昼,12-15時,1,日,0,18,2021,01,12,08,2021-08-01,12:18,1,一般市町村道,3700,7,交差点付近－その他,1,138.3007777,34.8594444
2,負傷,21,車両相互,1,晴,12,昼－昼,9-12時,1,日,0,44,2021,03,11,10,2021-10-03,11:44,1,一般都道府県道,2416,7,交差点付近－その他,1,138.3068611,34.8347777
2,負傷,21,車両相互,1,晴,12,昼－昼,9-12時,1,日,0,57,2021,03,11,10,2021-10-03,11:57,1,一般都道府県道,2416,7,交差点付近－その他,1,138.3201666,34.8663888
2,負傷,21,車両相互,1,晴,12,昼－昼,12-15時,1,日,0,59,2021,18,13,04,2021-04-18,13:59,1,一般市町村道,3700,14,単路－その他,1,138.2913333,34.8463055
2,負傷,21,車両相互,1,晴,12,昼－昼,12-15時,1,日,0,00,2021,23,13,05,2021-05-23,13:00,1,一般市町村道,3700,14,単路－その他,1,138.3270277,34.8308888
2,負傷,21,車両相互,1,晴,12,昼－昼,12-15時,1,日,0,09,2021,21,12,02,2021-02-21,12:09,2,一般市町村道,3700,1,交差点－その他,1,138.3096944,34.8721388
2,負傷,21,車両相互,1,晴,12,昼－昼,9-12時,1,日,0,50,2021,30,10,05,2021-05-30,10:50,2,一般市町村道,3700,1,交差点－その他,1,138.3122777,34.8323611
2,負傷,21,車両相互,1,晴,12,昼－昼,9-12時,1,日,0,00,2021,29,09,08,2021-08-29,09:00,2,一般市町村道,3700,1,交差点－その他,1,138.3055555,34.8783611
2,負傷,21,車両相互,1,晴,12,昼－昼,12-15時,1,日,0,35,2021,19,13,12,2021-12-19,13:35,2,一般市町村道,3700,7,交差点付近－その他,1,138.2991388,34.8541388
2,負傷,21,車両相互,1,晴,12,昼－昼,6-9時,1,日,0,00,2021,21,08,11,2021-11-21,08:00,2,一般市町村道,3700,12,単路－橋,1,138.3020555,34.7973888
2,負傷,21,車両相互,1,晴,12,昼－昼,12-15時,1,日,0,34,2021,18,13,04,2021-04-18,13:34,2,一般市町村道,3700,14,単路－その他,1,138.3109166,34.8575
2,負傷,21,車両相互,1,晴,12,昼－昼,12-15時,1,日,0,14,2021,18,13,07,2021-07-18,13:14,2,一般国道（国道番号）,150,14,単路－その他,1,138.3323888,34.8939722
2,負傷,21,車両相互,1,晴,12,昼－昼,15-18時,1,日,0,00,2021,18,16,07,2021-07-18,16:00,3,一般の交通の用に供するその他の道路,9900,0,一般交通の場所,1,138.3189722,34.8307777
2,負傷,21,車両相互,1,晴,12,昼－昼,12-15時,1,日,0,10,2021,25,13,07,2021-07-25,13:10,4,一般市町村道,3700,1,交差点－その他,1,138.2950833,34.8548888
2,負傷,21,車両相互,1,晴,12,昼－昼,12-15時,2,月,0,30,2021,25,12,01,2021-01-25,12:30,1,一般の交通の用に供するその他の道路,9900,0,一般交通の場所,1,138.3247222,34.8675277
2,負傷,21,車両相互,1,晴,12,昼－昼,6-9時,2,月,0,35,2021,10,07,05,2021-05-10,07:35,1,一般の交通の用に供するその他の道路,9900,0,一般交通の場所,1,138.3030277,34.8813333
2,負傷,21,車両相互,1,晴,12,昼－昼,6-9時,2,月,0,20,2021,21,07,06,2021-06-21,07:20,1,一般の交通の用に供するその他の道路,9900,0,一般交通の場所,1,138.2864722,34.7881111
2,負傷,21,車両相互,1,晴,12,昼－昼,6-9時,2,月,0,48,2021,15,08,03,2021-03-15,08:48,1,一般市町村道,3700,1,交差点－その他,1,138.3163611,34.8677777
2,負傷,21,車両相互,1,晴,12,昼－昼,12-15時,2,月,0,04,2021,01,14,03,2021-03-01,14:04,1,一般市町村道,3700,1,交差点－その他,1,138.2746666,34.81075
2,負傷,21,車両相互,1,晴,12,昼－昼,15-18時,2,月,0,10,2021,15,15,03,2021-03-15,15:10,1,一般市町村道,3700,1,交差点－その他,1,138.292,34.83825
2,負傷,21,車両相互,1,晴,12,昼－昼,6-9時,2,月,0,47,2021,12,06,04,2021-04-12,06:47,1,一般市町村道,3700,1,交差点－その他,1,138.3231944,34.8414722
2,負傷,21,車両相互,1,晴,12,昼－昼,12-15時,2,月,0,55,2021,26,13,04,2021-04-26,13:55,1,一般市町村道,3700,1,交差点－その他,1,138.31575,34.8413888
2,負傷,21,車両相互,1,晴,12,昼－昼,6-9時,2,月,0,33,2021,03,07,05,2021-05-03,07:33,1,主要地方道－都道府県道,1031,1,交差点－その他,1,138.3023611,34.8028333
2,負傷,21,車両相互,1,晴,12,昼－昼,6-9時,2,月,0,46,2021,31,06,05,2021-05-31,06:46,1,一般市町村道,3700,1,交差点－その他,1,138.2923888,34.794
2,負傷,21,車両相互,1,晴,12,昼－昼,15-18時,2,月,0,08,2021,10,17,05,2021-05-10,17:08,1,一般市町村道,3700,1,交差点－その他,1,138.2846388,34.8351388
2,負傷,21,車両相互,1,晴,12,昼－昼,6-9時,2,月,0,23,2021,14,06,06,2021-06-14,06:23,1,主要地方道－都道府県道,1081,1,交差点－その他,1,138.3035,34.8815
2,負傷,21,車両相互,1,晴,12,昼－昼,6-9時,2,月,0,20,2021,14,07,06,2021-06-14,07:20,1,一般市町村道,3700,1,交差点－その他,1,138.30325,34.8544722
2,負傷,21,車両相互,1,晴,12,昼－昼,6-9時,2,月,0,32,2021,21,08,06,2021-06-21,08:32,1,一般市町村道,3700,1,交差点－その他,1,138.2876111,34.845
2,負傷,21,車両相互,1,晴,12,昼－昼,9-12時,2,月,0,20,2021,21,10,06,2021-06-21,10:20,1,一般市町村道,3700,1,交差点－その他,1,138.30425,34.8727777
2,負傷,21,車両相互,1,晴,12,昼－昼,15-18時,2,月,0,57,2021,07,17,06,2021-06-07,17:57,1,一般市町村道,3700,1,交差点－その他,1,138.2881111,34.7990833
2,負傷,21,車両相互,1,晴,12,昼－昼,6-9時,2,月,0,05,2021,26,07,07,2021-07-26,07:05,1,一般国道（国道番号）,150,1,交差点－その他,1,138.2999166,34.8422777
2,負傷,21,車両相互,1,晴,12,昼－昼,6-9時,2,月,0,12,2021,12,08,07,2021-07-12,08:12,1,一般市町村道,3700,1,交差点－その他,1,138.2917777,34.8650833
2,負傷,21,車両相互,1,晴,12,昼－昼,15-18時,2,月,0,25,2021,19,17,07,2021-07-19,17:25,1,一般市町村道,3700,1,交差点－その他,1,138.3125555,34.84125
2,負傷,21,車両相互,1,晴,12,昼－昼,6-9時,2,月,0,28,2021,02,07,08,2021-08-02,07:28,1,一般市町村道,3700,1,交差点－その他,1,138.3199166,34.8702222
2,負傷,21,車両相互,1,晴,12,昼－昼,9-12時,2,月,0,25,2021,30,09,08,2021-08-30,09:25,1,一般市町村道,3700,1,交差点－その他,1,138.3096666,34.7973055
2,負傷,21,車両相互,1,晴,12,昼－昼,9-12時,2,月,0,38,2021,27,09,09,2021-09-27,09:38,1,一般市町村道,3700,1,交差点－その他,1,138.31125,34.8230555
2,負傷,21,車両相互,1,晴,12,昼－昼,9-12時,2,月,0,55,2021,11,09,10,2021-10-11,09:55,1,主要地方道－都道府県道,1031,1,交差点－その他,1,138.3185277,34.8375277
2,負傷,21,車両相互,1,晴,12,昼－昼,12-15時,2,月,0,20,2021,29,13,11,2021-11-29,13:20,1,一般都道府県道,2227,1,交差点－その他,1,138.2836944,34.8110833
2,負傷,21,車両相互,1,晴,12,昼－昼,12-15時,2,月,0,12,2021,29,12,11,2021-11-29,12:12,1,一般都道府県道,2416,1,交差点－その他,1,138.3176388,34.8553611
2,負傷,21,車両相互,1,晴,12,昼－昼,6-9時,2,月,0,17,2021,13,08,12,2021-12-13,08:17,1,一般市町村道,3700,1,交差点－その他,1,138.3220833,34.8587222
2,負傷,21,車両相互,1,晴,12,昼－昼,9-12時,2,月,0,32,2021,13,10,12,2021-12-13,10:32,1,一般市町村道,3700,1,交差点－その他,1,138.2953888,34.8293333
2,負傷,21,車両相互,1,晴,12,昼－昼,9-12時,2,月,0,25,2021,29,09,03,2021-03-29,09:25,1,一般市町村道,3700,7,交差点付近－その他,1,138.3078888,34.8424722
2,負傷,21,車両相互,1,晴,12,昼－昼,9-12時,2,月,0,10,2021,28,09,06,2021-06-28,09:10,1,一般市町村道,3700,7,交差点付近－その他,1,138.3111388,34.8191944
2,負傷,21,車両相互,1,晴,12,昼－昼,9-12時,2,月,0,43,2021,05,09,07,2021-07-05,09:43,1,一般都道府県道,2416,7,交差点付近－その他,1,138.3182777,34.8585833
2,負傷,21,車両相互,1,晴,12,昼－昼,9-12時,2,月,0,00,2021,05,10,07,2021-07-05,10:00,1,一般市町村道,3700,7,交差点付近－その他,1,138.2893888,34.8681111
2,負傷,21,車両相互,1,晴,12,昼－昼,6-9時,2,月,0,21,2021,06,07,09,2021-09-06,07:21,1,一般国道（国道番号）,150,7,交差点付近－その他,1,138.2996388,34.8539166
2,負傷,21,車両相互,1,晴,12,昼－昼,12-15時,2,月,0,43,2021,06,12,09,2021-09-06,12:43,1,一般国道（国道番号）,150,7,交差点付近－その他,1,138.3011666,34.8595833
2,負傷,21,車両相互,1,晴,12,昼－昼,9-12時,2,月,0,05,2021,22,11,03,2021-03-22,11:05,1,主要地方道－都道府県道,1031,13,単路－カーブ・屈折,1,138.31825,34.8312222
2,負傷,21,車両相互,1,晴,12,昼－昼,12-15時,2,月,0,35,2021,11,13,01,2021-01-11,13:35,1,一般市町村道,3700,14,単路－その他,1,138.3081666,34.8470833
2,負傷,21,車両相互,1,晴,12,昼－昼,12-15時,2,月,0,01,2021,08,12,02,2021-02-08,12:01,1,主要地方道－都道府県道,1081,14,単路－その他,1,138.3042777,34.8811666
2,負傷,21,車両相互,1,晴,12,昼－昼,15-18時,2,月,0,00,2021,08,15,02,2021-02-08,15:00,1,一般市町村道,3700,14,単路－その他,1,138.3233611,34.8879444
2,負傷,21,車両相互,1,晴,12,昼－昼,12-15時,2,月,0,22,2021,29,12,03,2021-03-29,12:22,1,一般国道（国道番号）,150,14,単路－その他,1,138.2999722,34.8546111
2,負傷,21,車両相互,1,晴,12,昼－昼,6-9時,2,月,0,27,2021,31,08,05,2021-05-31,08:27,1,一般市町村道,3700,14,単路－その他,1,138.2701944,34.8126944
2,負傷,21,車両相互,1,晴,12,昼－昼,6-9時,2,月,0,50,2021,05,08,07,2021-07-05,08:50,1,港湾道,8500,14,単路－その他,1,138.2703333,34.8017777
2,負傷,21,車両相互,1,晴,12,昼－昼,9-12時,2,月,0,01,2021,13,11,12,2021-12-13,11:01,1,主要地方道－都道府県道,1081,14,単路－その他,1,138.3036944,34.8813611
2,負傷,21,車両相互,1,晴,12,昼－昼,6-9時,2,月,0,10,2021,20,08,12,2021-12-20,08:10,1,一般市町村道,3700,14,単路－その他,1,138.3228611,34.8496388
2,負傷,21,車両相互,1,晴,12,昼－昼,12-15時,2,月,0,08,2021,02,12,08,2021-08-02,12:08,2,一般都道府県道,2355,1,交差点－その他,1,138.3312222,34.8409722
2,負傷,21,車両相互,1,晴,12,昼－昼,6-9時,2,月,0,00,2021,27,08,12,2021-12-27,08:00,2,主要地方道－都道府県道,1031,1,交差点－その他,1,138.3160555,34.8176944
2,負傷,21,車両相互,1,晴,12,昼－昼,9-12時,2,月,0,15,2021,28,11,06,2021-06-28,11:15,2,一般市町村道,3700,7,交差点付近－その他,1,138.2953333,34.8538611
2,負傷,21,車両相互,1,晴,12,昼－昼,9-12時,2,月,0,32,2021,10,09,05,2021-05-10,09:32,2,主要地方道－都道府県道,1081,12,単路－橋,1,138.3153888,34.8694722
2,負傷,21,車両相互,1,晴,12,昼－昼,15-18時,2,月,0,15,2021,07,17,06,2021-06-07,17:15,2,主要地方道－都道府県道,1081,14,単路－その他,1,138.3101944,34.8794166
2,負傷,21,車両相互,1,晴,12,昼－昼,9-12時,2,月,0,39,2021,13,10,09,2021-09-13,10:39,2,一般市町村道,3700,14,単路－その他,1,138.3057222,34.8820833
2,負傷,21,車両相互,1,晴,12,昼－昼,6-9時,2,月,0,25,2021,27,07,09,2021-09-27,07:25,3,一般市町村道,3700,1,交差点－その他,1,138.27325,34.8138611
2,負傷,21,車両相互,1,晴,12,昼－昼,6-9時,3,火,0,00,2021,16,08,02,2021-02-16,08:00,1,一般の交通の用に供するその他の道路,9900,0,一般交通の場所,1,138.2908888,34.8466111
2,負傷,21,車両相互,1,晴,12,昼－昼,6-9時,3,火,0,20,2021,18,06,05,2021-05-18,06:20,1,一般の交通の用に供するその他の道路,9900,0,一般交通の場所,1,138.2714166,34.8045555
2,負傷,21,車両相互,1,晴,12,昼－昼,12-15時,3,火,0,35,2021,03,13,08,2021-08-03,13:35,1,一般の交通の用に供するその他の道路,9900,0,一般交通の場所,1,138.3120833,34.8458333
2,負傷,21,車両相互,1,晴,12,昼－昼,12-15時,3,火,0,23,2021,19,14,01,2021-01-19,14:23,1,一般国道（国道番号）,150,1,交差点－その他,1,138.3005,34.8363888
2,負傷,21,車両相互,1,晴,12,昼－昼,6-9時,3,火,0,56,2021,26,07,01,2021-01-26,07:56,1,一般市町村道,3700,1,交差点－その他,1,138.2986944,34.8633888
2,負傷,21,車両相互,1,晴,12,昼－昼,12-15時,3,火,0,25,2021,09,13,02,2021-02-09,13:25,1,一般国道（国道番号）,150,1,交差点－その他,1,138.2997222,34.8541111
2,負傷,21,車両相互,1,晴,12,昼－昼,9-12時,3,火,0,40,2021,09,10,02,2021-02-09,10:40,1,一般市町村道,3700,1,交差点－その他,1,138.3154444,34.8656666
2,負傷,21,車両相互,1,晴,12,昼－昼,6-9時,3,火,0,13,2021,16,08,03,2021-03-16,08:13,1,主要地方道－都道府県道,1030,1,交差点－その他,1,138.2951666,34.8719166
2,負傷,21,車両相互,1,晴,12,昼－昼,9-12時,3,火,0,20,2021,23,10,03,2021-03-23,10:20,1,一般市町村道,3700,1,交差点－その他,1,138.3083055,34.8633055
2,負傷,21,車両相互,1,晴,12,昼－昼,9-12時,3,火,0,28,2021,23,10,03,2021-03-23,10:28,1,一般市町村道,3700,1,交差点－その他,1,138.3115555,34.8471388
2,負傷,21,車両相互,1,晴,12,昼－昼,9-12時,3,火,0,22,2021,09,11,03,2021-03-09,11:22,1,一般市町村道,3700,1,交差点－その他,1,138.2826666,34.8599166
2,負傷,21,車両相互,1,晴,12,昼－昼,6-9時,3,火,0,26,2021,18,07,05,2021-05-18,07:26,1,一般市町村道,3700,1,交差点－その他,1,138.2818333,34.8115277
2,負傷,21,車両相互,1,晴,12,昼－昼,6-9時,3,火,0,28,2021,08,08,06,2021-06-08,08:28,1,一般市町村道,3700,1,交差点－その他,1,138.3050277,34.8578611
2,負傷,21,車両相互,1,晴,12,昼－昼,9-12時,3,火,0,10,2021,15,11,06,2021-06-15,11:10,1,一般市町村道,3700,1,交差点－その他,1,138.3076388,34.7969444
2,負傷,21,車両相互,1,晴,12,昼－昼,6-9時,3,火,0,40,2021,20,07,07,2021-07-20,07:40,1,一般都道府県道,2342,1,交差点－その他,1,138.2676944,34.8039166
2,負傷,21,車両相互,1,晴,12,昼－昼,9-12時,3,火,0,07,2021,24,10,08,2021-08-24,10:07,1,主要地方道－都道府県道,1081,1,交差点－その他,1,138.3067222,34.8804166
2,負傷,21,車両相互,1,晴,12,昼－昼,9-12時,3,火,0,09,2021,07,10,09,2021-09-07,10:09,1,一般市町村道,3700,1,交差点－その他,1,138.3175277,34.8552777
2,負傷,21,車両相互,1,晴,12,昼－昼,9-12時,3,火,0,20,2021,21,10,09,2021-09-21,10:20,1,一般市町村道,3700,1,交差点－その他,1,138.3010555,34.7868888
2,負傷,21,車両相互,1,晴,12,昼－昼,12-15時,3,火,0,03,2021,26,12,10,2021-10-26,12:03,1,主要地方道－都道府県道,1031,1,交差点－その他,1,138.3023888,34.8029166
2,負傷,21,車両相互,1,晴,12,昼－昼,6-9時,3,火,0,35,2021,12,08,10,2021-10-12,08:35,1,一般市町村道,3700,1,交差点－その他,1,138.2946944,34.8590555
2,負傷,21,車両相互,1,晴,12,昼－昼,12-15時,3,火,0,45,2021,21,13,12,2021-12-21,13:45,1,一般市町村道,3700,1,交差点－その他,1,138.2899444,34.8490833
2,負傷,21,車両相互,1,晴,12,昼－昼,12-15時,3,火,0,00,2021,16,12,02,2021-02-16,12:00,1,一般市町村道,3700,7,交差点付近－その他,1,138.2836111,34.8533333
2,負傷,21,車両相互,1,晴,12,昼－昼,6-9時,3,火,0,02,2021,18,08,05,2021-05-18,08:02,1,一般国道（国道番号）,150,7,交差点付近－その他,1,138.32475,34.8862777
2,負傷,21,車両相互,1,晴,12,昼－昼,9-12時,3,火,0,30,2021,04,09,05,2021-05-04,09:30,1,一般国道（国道番号）,150,7,交差点付近－その他,1,138.3009722,34.8615277
2,負傷,21,車両相互,1,晴,12,昼－昼,9-12時,3,火,0,48,2021,11,11,05,2021-05-11,11:48,1,一般市町村道,3700,7,交差点付近－その他,1,138.2891111,34.8680833
2,負傷,21,車両相互,1,晴,12,昼－昼,15-18時,3,火,0,25,2021,01,17,06,2021-06-01,17:25,1,一般市町村道,3700,7,交差点付近－その他,1,138.3230277,34.8486388
2,負傷,21,車両相互,1,晴,12,昼－昼,9-12時,3,火,0,32,2021,10,11,08,2021-08-10,11:32,1,一般市町村道,3700,7,交差点付近－その他,1,138.2856944,34.8678888
2,負傷,21,車両相互,1,晴,12,昼－昼,12-15時,3,火,0,40,2021,26,14,10,2021-10-26,14:40,1,一般国道（国道番号）,150,7,交差点付近－その他,1,138.282,34.8185555
2,負傷,21,車両相互,1,晴,12,昼－昼,9-12時,3,火,0,35,2021,16,11,11,2021-11-16,11:35,1,一般市町村道,3700,7,交差点付近－その他,1,138.3151388,34.8457222
2,負傷,21,車両相互,1,晴,12,昼－昼,12-15時,3,火,0,55,2021,23,13,11,2021-11-23,13:55,1,一般市町村道,3700,7,交差点付近－その他,1,138.2994444,34.847
2,負傷,21,車両相互,1,晴,12,昼－昼,12-15時,3,火,0,32,2021,19,12,01,2021-01-19,12:32,1,一般国道（国道番号）,150,14,単路－その他,1,138.2671666,34.8056111
2,負傷,21,車両相互,1,晴,12,昼－昼,12-15時,3,火,0,22,2021,26,12,01,2021-01-26,12:22,1,一般市町村道,3700,14,単路－その他,1,138.2994444,34.8796666
2,負傷,21,車両相互,1,晴,12,昼－昼,6-9時,3,火,0,51,2021,02,07,02,2021-02-02,07:51,1,主要地方道－都道府県道,1034,14,単路－その他,1,138.25375,34.8141388
2,負傷,21,車両相互,1,晴,12,昼－昼,9-12時,3,火,0,00,2021,16,10,03,2021-03-16,10:00,1,一般国道（国道番号）,150,14,単路－その他,1,138.3006944,34.8324166
2,負傷,21,車両相互,1,晴,12,昼－昼,9-12時,3,火,0,40,2021,09,09,03,2021-03-09,09:40,1,一般市町村道,3700,14,単路－その他,1,138.2828055,34.8642777
2,負傷,21,車両相互,1,晴,12,昼－昼,6-9時,3,火,0,10,2021,20,08,04,2021-04-20,08:10,1,一般都道府県道,2213,14,単路－その他,1,138.3088888,34.8918611
2,負傷,21,車両相互,1,晴,12,昼－昼,6-9時,3,火,0,05,2021,25,07,05,2021-05-25,07:05,1,一般市町村道,3700,14,単路－その他,1,138.3156388,34.8379166
2,負傷,21,車両相互,1,晴,12,昼－昼,9-12時,3,火,0,00,2021,25,09,05,2021-05-25,09:00,1,一般市町村道,3700,14,単路－その他,1,138.3067222,34.8098333
2,負傷,21,車両相互,1,晴,12,昼－昼,12-15時,3,火,0,13,2021,18,12,05,2021-05-18,12:13,1,一般市町村道,3700,14,単路－その他,1,138.3275,34.8822777
2,負傷,21,車両相互,1,晴,12,昼－昼,12-15時,3,火,0,40,2021,11,13,05,2021-05-11,13:40,1,一般市町村道,3700,14,単路－その他,1,138.29925,34.8460277
2,負傷,21,車両相互,1,晴,12,昼－昼,15-18時,3,火,0,15,2021,04,15,05,2021-05-04,15:15,1,一般市町村道,3700,14,単路－その他,1,138.3346111,34.8788333
2,負傷,21,車両相互,1,晴,12,昼－昼,12-15時,3,火,0,50,2021,31,12,08,2021-08-31,12:50,1,一般市町村道,3700,14,単路－その他,1,138.3161666,34.8674444
2,負傷,21,車両相互,1,晴,12,昼－昼,15-18時,3,火,0,20,2021,10,17,08,2021-08-10,17:20,1,一般市町村道,3700,14,単路－その他,1,138.3127777,34.8376388
2,負傷,21,車両相互,1,晴,12,昼－昼,6-9時,3,火,0,27,2021,05,07,10,2021-10-05,07:27,1,一般国道（国道番号）,150,14,単路－その他,1,138.2777777,34.815
2,負傷,21,車両相互,1,晴,12,昼－昼,6-9時,3,火,0,30,2021,07,07,09,2021-09-07,07:30,2,一般の交通の用に供するその他の道路,9900,0,一般交通の場所,1,138.3007777,34.82925
2,負傷,21,車両相互,1,晴,12,昼－昼,9-12時,3,火,0,05,2021,09,11,03,2021-03-09,11:05,2,一般都道府県道,2227,1,交差点－その他,1,138.3025833,34.7886388
2,負傷,21,車両相互,1,晴,12,昼－昼,12-15時,3,火,0,28,2021,22,14,06,2021-06-22,14:28,2,一般市町村道,3700,1,交差点－その他,1,138.3344722,34.8339166
2,負傷,21,車両相互,1,晴,12,昼－昼,9-12時,3,火,0,12,2021,24,11,08,2021-08-24,11:12,2,一般市町村道,3700,1,交差点－その他,1,138.2922222,34.8708333
2,負傷,21,車両相互,1,晴,12,昼－昼,12-15時,3,火,0,26,2021,28,12,09,2021-09-28,12:26,2,一般市町村道,3700,1,交差点－その他,1,138.3024444,34.8565833
2,負傷,21,車両相互,1,晴,12,昼－昼,12-15時,3,火,0,35,2021,16,14,02,2021-02-16,14:35,2,一般市町村道,3700,14,単路－その他,1,138.2938611,34.8683611
2,負傷,21,車両相互,1,晴,12,昼－昼,6-9時,3,火,0,30,2021,27,08,04,2021-04-27,08:30,3,一般の交通の用に供するその他の道路,9900,0,一般交通の場所,1,138.3022777,34.8601944
2,負傷,21,車両相互,1,晴,12,昼－昼,9-12時,3,火,0,30,2021,23,10,02,2021-02-23,10:30,3,主要地方道－都道府県道,1031,1,交差点－その他,1,138.3142777,34.8119444
2,負傷,21,車両相互,1,晴,12,昼－昼,6-9時,3,火,0,35,2021,12,07,10,2021-10-12,07:35,3,一般市町村道,3700,1,交差点－その他,1,138.3133055,34.8543055
2,負傷,21,車両相互,1,晴,12,昼－昼,9-12時,3,火,0,55,2021,02,10,11,2021-11-02,10:55,3,一般国道（国道番号）,150,7,交差点付近－その他,1,138.2993055,34.8287777
2,負傷,21,車両相互,1,晴,12,昼－昼,9-12時,4,水,0,07,2021,11,09,08,2021-08-11,09:07,1,一般の交通の用に供するその他の道路,9900,0,一般交通の場所,1,138.3276111,34.86175
2,負傷,21,車両相互,1,晴,12,昼－昼,12-15時,4,水,0,35,2021,20,14,01,2021-01-20,14:35,1,一般国道（国道番号）,150,1,交差点－その他,1,138.3295555,34.8911944
2,負傷,21,車両相互,1,晴,12,昼－昼,9-12時,4,水,0,29,2021,13,09,01,2021-01-13,09:29,1,一般市町村道,3700,1,交差点－その他,1,138.3243055,34.8513611
2,負傷,21,車両相互,1,晴,12,昼－昼,6-9時,4,水,0,19,2021,17,08,03,2021-03-17,08:19,1,一般都道府県道,2227,1,交差点－その他,1,138.2716944,34.8195277
2,負傷,21,車両相互,1,晴,12,昼－昼,6-9時,4,水,0,05,2021,17,07,03,2021-03-17,07:05,1,一般市町村道,3700,1,交差点－その他,1,138.2865277,34.8303333
2,負傷,21,車両相互,1,晴,12,昼－昼,9-12時,4,水,0,38,2021,21,10,04,2021-04-21,10:38,1,一般市町村道,3700,1,交差点－その他,1,138.2758611,34.8099444
2,負傷,21,車両相互,1,晴,12,昼－昼,12-15時,4,水,0,38,2021,21,14,04,2021-04-21,14:38,1,一般市町村道,3700,1,交差点－その他,1,138.2994444,34.8322222
2,負傷,21,車両相互,1,晴,12,昼－昼,15-18時,4,水,0,16,2021,21,17,04,2021-04-21,17:16,1,一般市町村道,3700,1,交差点－その他,1,138.2809444,34.8545
2,負傷,21,車両相互,1,晴,12,昼－昼,15-18時,4,水,0,35,2021,28,16,07,2021-07-28,16:35,1,一般都道府県道,2222,1,交差点－その他,1,138.284,34.8615277
2,負傷,21,車両相互,1,晴,12,昼－昼,6-9時,4,水,0,56,2021,11,08,08,2021-08-11,08:56,1,一般国道（国道番号）,150,1,交差点－その他,1,138.2858055,34.8218055
2,負傷,21,車両相互,1,晴,12,昼－昼,6-9時,4,水,0,30,2021,04,07,08,2021-08-04,07:30,1,一般都道府県道,2227,1,交差点－その他,1,138.2920277,34.7995833
2,負傷,21,車両相互,1,晴,12,昼－昼,6-9時,4,水,0,05,2021,04,08,08,2021-08-04,08:05,1,一般市町村道,3700,1,交差点－その他,1,138.2758611,34.8099444
2,負傷,21,車両相互,1,晴,12,昼－昼,12-15時,4,水,0,05,2021,11,14,08,2021-08-11,14:05,1,一般市町村道,3700,1,交差点－その他,1,138.3146111,34.8569166
2,負傷,21,車両相互,1,晴,12,昼－昼,9-12時,4,水,0,30,2021,01,09,09,2021-09-01,09:30,1,一般市町村道,3700,1,交差点－その他,1,138.3094444,34.8735277
2,負傷,21,車両相互,1,晴,12,昼－昼,9-12時,4,水,0,00,2021,01,10,09,2021-09-01,10:00,1,一般市町村道,3700,1,交差点－その他,1,138.2963611,34.8758611
2,負傷,21,車両相互,1,晴,12,昼－昼,6-9時,4,水,0,42,2021,20,07,10,2021-10-20,07:42,1,一般市町村道,3700,1,交差点－その他,1,138.3289722,34.8855
2,負傷,21,車両相互,1,晴,12,昼－昼,12-15時,4,水,0,37,2021,17,14,11,2021-11-17,14:37,1,一般市町村道,3700,1,交差点－その他,1,138.2878888,34.7821944
2,負傷,21,車両相互,1,晴,12,昼－昼,12-15時,4,水,0,22,2021,29,12,12,2021-12-29,12:22,1,一般国道（国道番号）,150,1,交差点－その他,1,138.2998055,34.847
2,負傷,21,車両相互,1,晴,12,昼－昼,6-9時,4,水,0,47,2021,15,07,12,2021-12-15,07:47,1,一般都道府県道,2222,1,交差点－その他,1,138.2890833,34.8623611
2,負傷,21,車両相互,1,晴,12,昼－昼,12-15時,4,水,0,11,2021,01,12,12,2021-12-01,12:11,1,一般都道府県道,2416,1,交差点－その他,1,138.3114166,34.8372777
2,負傷,21,車両相互,1,晴,12,昼－昼,9-12時,4,水,0,26,2021,29,11,12,2021-12-29,11:26,1,一般市町村道,3700,1,交差点－その他,1,138.3181666,34.8234166
2,負傷,21,車両相互,1,晴,12,昼－昼,12-15時,4,水,0,50,2021,29,12,12,2021-12-29,12:50,1,一般市町村道,3700,1,交差点－その他,1,138.3250555,34.8639722
2,負傷,21,車両相互,1,晴,12,昼－昼,12-15時,4,水,0,27,2021,01,13,12,2021-12-01,13:27,1,一般市町村道,3700,1,交差点－その他,1,138.3008888,34.86475
2,負傷,21,車両相互,1,晴,12,昼－昼,15-18時,4,水,0,30,2021,01,15,12,2021-12-01,15:30,1,一般市町村道,3700,1,交差点－その他,1,138.3086666,34.8550277
2,負傷,21,車両相互,1,晴,12,昼－昼,6-9時,4,水,0,30,2021,17,07,02,2021-02-17,07:30,1,一般市町村道,3700,7,交差点付近－その他,1,138.3109166,34.82675
2,負傷,21,車両相互,1,晴,12,昼－昼,6-9時,4,水,0,09,2021,07,07,04,2021-04-07,07:09,1,一般国道（国道番号）,150,7,交差点付近－その他,1,138.30625,34.8019166
2,負傷,21,車両相互,1,晴,12,昼－昼,6-9時,4,水,0,25,2021,21,06,04,2021-04-21,06:25,1,一般市町村道,3700,7,交差点付近－その他,1,138.3081666,34.8478888
2,負傷,21,車両相互,1,晴,12,昼－昼,6-9時,4,水,0,40,2021,28,08,04,2021-04-28,08:40,1,一般市町村道,3700,7,交差点付近－その他,1,138.272,34.8096111
2,負傷,21,車両相互,1,晴,12,昼－昼,15-18時,4,水,0,24,2021,04,17,08,2021-08-04,17:24,1,一般国道（国道番号）,150,7,交差点付近－その他,1,138.3005277,34.8663611
2,負傷,21,車両相互,1,晴,12,昼－昼,9-12時,4,水,0,45,2021,27,10,10,2021-10-27,10:45,1,一般国道（国道番号）,150,7,交差点付近－その他,1,138.2995,34.8696944
2,負傷,21,車両相互,1,晴,12,昼－昼,9-12時,4,水,0,57,2021,10,10,11,2021-11-10,10:57,1,一般市町村道,3700,7,交差点付近－その他,1,138.3163055,34.8441666
2,負傷,21,車両相互,1,晴,12,昼－昼,9-12時,4,水,0,30,2021,03,11,11,2021-11-03,11:30,1,一般市町村道,3700,7,交差点付近－その他,1,138.3155,34.86575
2,負傷,21,車両相互,1,晴,12,昼－昼,15-18時,4,水,0,25,2021,29,15,12,2021-12-29,15:25,1,一般国道（国道番号）,150,7,交差点付近－その他,1,138.2733888,34.8111388
2,負傷,21,車両相互,1,晴,12,昼－昼,9-12時,4,水,0,50,2021,29,11,12,2021-12-29,11:50,1,一般市町村道,3700,7,交差点付近－その他,1,138.3079166,34.8428888
2,負傷,21,車両相互,1,晴,12,昼－昼,15-18時,4,水,0,33,2021,06,15,01,2021-01-06,15:33,1,一般市町村道,3700,14,単路－その他,1,138.2935833,34.8316666
2,負傷,21,車両相互,1,晴,12,昼－昼,12-15時,4,水,0,20,2021,24,13,02,2021-02-24,13:20,1,一般市町村道,3700,14,単路－その他,1,138.3196666,34.8724722
2,負傷,21,車両相互,1,晴,12,昼－昼,6-9時,4,水,0,48,2021,24,07,03,2021-03-24,07:48,1,主要地方道－都道府県道,1081,14,単路－その他,1,138.2993611,34.8831111
2,負傷,21,車両相互,1,晴,12,昼－昼,12-15時,4,水,0,45,2021,17,12,03,2021-03-17,12:45,1,一般都道府県道,2226,14,単路－その他,1,138.3173888,34.8271944
2,負傷,21,車両相互,1,晴,12,昼－昼,6-9時,4,水,0,11,2021,21,08,04,2021-04-21,08:11,1,一般市町村道,3700,14,単路－その他,1,138.3173888,34.8585555
2,負傷,21,車両相互,1,晴,12,昼－昼,9-12時,4,水,0,00,2021,26,09,05,2021-05-26,09:00,1,主要地方道－都道府県道,1081,14,単路－その他,1,138.3005,34.8825
2,負傷,21,車両相互,1,晴,12,昼－昼,6-9時,4,水,0,26,2021,23,07,06,2021-06-23,07:26,1,主要地方道－都道府県道,1034,14,単路－その他,1,138.2564444,34.8166666
2,負傷,21,車両相互,1,晴,12,昼－昼,9-12時,4,水,0,43,2021,28,10,07,2021-07-28,10:43,1,一般市町村道,3700,14,単路－その他,1,138.3075277,34.838
2,負傷,21,車両相互,1,晴,12,昼－昼,6-9時,4,水,0,45,2021,08,07,09,2021-09-08,07:45,1,一般国道（国道番号）,150,14,単路－その他,1,138.3006944,34.8330555
2,負傷,21,車両相互,1,晴,12,昼－昼,9-12時,4,水,0,55,2021,01,11,09,2021-09-01,11:55,1,主要地方道－都道府県道,1081,14,単路－その他,1,138.3031666,34.8814444
2,負傷,21,車両相互,1,晴,12,昼－昼,12-15時,4,水,0,23,2021,10,12,11,2021-11-10,12:23,1,一般都道府県道,2416,14,単路－その他,1,138.3185,34.8595555
2,負傷,21,車両相互,1,晴,12,昼－昼,6-9時,4,水,0,48,2021,22,08,12,2021-12-22,08:48,1,一般市町村道,3700,14,単路－その他,1,138.2540277,34.8158333
2,負傷,21,車両相互,1,晴,12,昼－昼,9-12時,4,水,0,54,2021,06,11,01,2021-01-06,11:54,2,一般国道（国道番号）,150,1,交差点－その他,1,138.3043611,34.8232777
2,負傷,21,車両相互,1,晴,12,昼－昼,9-12時,4,水,0,00,2021,13,09,01,2021-01-13,09:00,2,一般市町村道,3700,1,交差点－その他,1,138.2950555,34.8332777
2,負傷,21,車両相互,1,晴,12,昼－昼,6-9時,4,水,0,22,2021,09,07,06,2021-06-09,07:22,2,一般国道（国道番号）,150,1,交差点－その他,1,138.2995555,34.8526111
2,負傷,21,車両相互,1,晴,12,昼－昼,3-6時,4,水,0,56,2021,16,05,06,2021-06-16,05:56,2,一般都道府県道,2355,1,交差点－その他,1,138.3303888,34.8229722
2,負傷,21,車両相互,1,晴,12,昼－昼,12-15時,4,水,0,05,2021,10,12,11,2021-11-10,12:05,2,一般都道府県道,2222,1,交差点－その他,1,138.3193888,34.8635
2,負傷,21,車両相互,1,晴,12,昼－昼,6-9時,4,水,0,38,2021,10,07,11,2021-11-10,07:38,2,一般国道（国道番号）,150,7,交差点付近－その他,1,138.3005555,34.8649444
2,負傷,21,車両相互,1,晴,12,昼－昼,15-18時,4,水,0,25,2021,26,16,05,2021-05-26,16:25,3,一般市町村道,3700,7,交差点付近－その他,1,138.2825833,34.8236666
2,負傷,21,車両相互,1,晴,12,昼－昼,6-9時,4,水,0,38,2021,17,07,02,2021-02-17,07:38,3,一般市町村道,3700,14,単路－その他,1,138.3016944,34.8400833
2,負傷,21,車両相互,1,晴,12,昼－昼,15-18時,4,水,0,50,2021,21,16,07,2021-07-21,16:50,3,一般国道（国道番号）,150,14,単路－その他,1,138.2595277,34.7989722
2,負傷,21,車両相互,1,晴,12,昼－昼,9-12時,5,木,0,00,2021,21,11,01,2021-01-21,11:00,1,一般の交通の用に供するその他の道路,9900,0,一般交通の場所,1,138.2545,34.8164722
2,負傷,21,車両相互,1,晴,12,昼－昼,6-9時,5,木,0,23,2021,12,08,08,2021-08-12,08:23,1,一般の交通の用に供するその他の道路,9900,0,一般交通の場所,1,138.30075,34.8364722
2,負傷,21,車両相互,1,晴,12,昼－昼,12-15時,5,木,0,30,2021,11,14,03,2021-03-11,14:30,1,主要地方道－都道府県道,1030,1,交差点－その他,1,138.3166944,34.8688611
2,負傷,21,車両相互,1,晴,12,昼－昼,6-9時,5,木,0,43,2021,04,07,03,2021-03-04,07:43,1,一般市町村道,3700,1,交差点－その他,1,138.3090555,34.8577222
2,負傷,21,車両相互,1,晴,12,昼－昼,6-9時,5,木,0,00,2021,06,07,05,2021-05-06,07:00,1,一般都道府県道,2416,1,交差点－その他,1,138.3176666,34.8414722
2,負傷,21,車両相互,1,晴,12,昼－昼,15-18時,5,木,0,37,2021,13,17,05,2021-05-13,17:37,1,一般市町村道,3700,1,交差点－その他,1,138.3253611,34.8282222
2,負傷,21,車両相互,1,晴,12,昼－昼,6-9時,5,木,0,20,2021,03,07,06,2021-06-03,07:20,1,一般市町村道,3700,1,交差点－その他,1,138.2783888,34.8167777
2,負傷,21,車両相互,1,晴,12,昼－昼,6-9時,5,木,0,50,2021,03,07,06,2021-06-03,07:50,1,一般市町村道,3700,1,交差点－その他,1,138.3161111,34.8189166
2,負傷,21,車両相互,1,晴,12,昼－昼,6-9時,5,木,0,13,2021,10,07,06,2021-06-10,07:13,1,一般市町村道,3700,1,交差点－その他,1,138.2591666,34.8115277
2,負傷,21,車両相互,1,晴,12,昼－昼,9-12時,5,木,0,40,2021,03,10,06,2021-06-03,10:40,1,一般市町村道,3700,1,交差点－その他,1,138.30825,34.8483055
2,負傷,21,車両相互,1,晴,12,昼－昼,15-18時,5,木,0,40,2021,10,15,06,2021-06-10,15:40,1,一般市町村道,3700,1,交差点－その他,1,138.3068055,34.8691666
2,負傷,21,車両相互,1,晴,12,昼－昼,6-9時,5,木,0,41,2021,22,08,07,2021-07-22,08:41,1,一般都道府県道,2226,1,交差点－その他,1,138.2895833,34.8418888
2,負傷,21,車両相互,1,晴,12,昼－昼,9-12時,5,木,0,40,2021,29,10,07,2021-07-29,10:40,1,一般都道府県道,2355,1,交差点－その他,1,138.3312777,34.8409722
2,負傷,21,車両相互,1,晴,12,昼－昼,15-18時,5,木,0,45,2021,15,15,07,2021-07-15,15:45,1,一般都道府県道,2416,1,交差点－その他,1,138.3175833,34.8374722
2,負傷,21,車両相互,1,晴,12,昼－昼,9-12時,5,木,0,25,2021,22,09,07,2021-07-22,09:25,1,一般市町村道,3700,1,交差点－その他,1,138.2653055,34.8061666
2,負傷,21,車両相互,1,晴,12,昼－昼,6-9時,5,木,0,54,2021,19,08,08,2021-08-19,08:54,1,一般市町村道,3700,1,交差点－その他,1,138.3076944,34.8346944
2,負傷,21,車両相互,1,晴,12,昼－昼,9-12時,5,木,0,40,2021,14,10,10,2021-10-14,10:40,1,一般市町村道,3700,1,交差点－その他,1,138.3079722,34.8443333
2,負傷,21,車両相互,1,晴,12,昼－昼,6-9時,5,木,0,01,2021,11,08,11,2021-11-11,08:01,1,一般市町村道,3700,1,交差点－その他,1,138.2628611,34.8032777
2,負傷,21,車両相互,1,晴,12,昼－昼,9-12時,5,木,0,26,2021,18,10,11,2021-11-18,10:26,1,一般市町村道,3700,1,交差点－その他,1,138.3158333,34.8665555
2,負傷,21,車両相互,1,晴,12,昼－昼,6-9時,5,木,0,01,2021,23,08,12,2021-12-23,08:01,1,主要地方道－都道府県道,1030,1,交差点－その他,1,138.3168888,34.8675833
2,負傷,21,車両相互,1,晴,12,昼－昼,9-12時,5,木,0,58,2021,02,10,12,2021-12-02,10:58,1,一般市町村道,3700,1,交差点－その他,1,138.2923055,34.8568055
2,負傷,21,車両相互,1,晴,12,昼－昼,9-12時,5,木,0,05,2021,16,10,12,2021-12-16,10:05,1,一般市町村道,3700,1,交差点－その他,1,138.2870555,34.8507777
2,負傷,21,車両相互,1,晴,12,昼－昼,9-12時,5,木,0,43,2021,18,10,02,2021-02-18,10:43,1,一般市町村道,3700,7,交差点付近－その他,1,138.2999722,34.8365555
2,負傷,21,車両相互,1,晴,12,昼－昼,12-15時,5,木,0,05,2021,22,12,04,2021-04-22,12:05,1,一般国道（国道番号）,150,7,交差点付近－その他,1,138.2999166,34.8748611
2,負傷,21,車両相互,1,晴,12,昼－昼,12-15時,5,木,0,50,2021,08,13,04,2021-04-08,13:50,1,一般都道府県道,2213,7,交差点付近－その他,1,138.31575,34.8761666
2,負傷,21,車両相互,1,晴,12,昼－昼,6-9時,5,木,0,30,2021,15,07,07,2021-07-15,07:30,1,一般国道（国道番号）,150,7,交差点付近－その他,1,138.3059722,34.8777222
2,負傷,21,車両相互,1,晴,12,昼－昼,6-9時,5,木,0,48,2021,05,07,08,2021-08-05,07:48,1,一般国道（国道番号）,150,7,交差点付近－その他,1,138.3103611,34.8789166
2,負傷,21,車両相互,1,晴,12,昼－昼,9-12時,5,木,0,45,2021,19,11,08,2021-08-19,11:45,1,一般都道府県道,2222,7,交差点付近－その他,1,138.3151111,34.8638055
2,負傷,21,車両相互,1,晴,12,昼－昼,6-9時,5,木,0,59,2021,07,07,10,2021-10-07,07:59,1,一般市町村道,3700,7,交差点付近－その他,1,138.267,34.8156944
2,負傷,21,車両相互,1,晴,12,昼－昼,12-15時,5,木,0,17,2021,07,13,10,2021-10-07,13:17,1,一般市町村道,3700,7,交差点付近－その他,1,138.2781944,34.8051111
2,負傷,21,車両相互,1,晴,12,昼－昼,12-15時,5,木,0,26,2021,14,13,10,2021-10-14,13:26,1,一般市町村道,3700,7,交差点付近－その他,1,138.33,34.8873611
2,負傷,21,車両相互,1,晴,12,昼－昼,9-12時,5,木,0,23,2021,16,09,12,2021-12-16,09:23,1,一般市町村道,3700,7,交差点付近－その他,1,138.2838055,34.7918333
2,負傷,21,車両相互,1,晴,12,昼－昼,15-18時,5,木,0,52,2021,04,15,02,2021-02-04,15:52,1,一般国道（国道番号）,150,12,単路－橋,1,138.2602777,34.7996111
2,負傷,21,車両相互,1,晴,12,昼－昼,6-9時,5,木,0,20,2021,08,07,04,2021-04-08,07:20,1,一般市町村道,3700,12,単路－橋,1,138.2826944,34.8598055
2,負傷,21,車両相互,1,晴,12,昼－昼,6-9時,5,木,0,27,2021,18,08,02,2021-02-18,08:27,1,一般国道（国道番号）,150,14,単路－その他,1,138.2782222,34.8153333
2,負傷,21,車両相互,1,晴,12,昼－昼,9-12時,5,木,0,15,2021,25,10,02,2021-02-25,10:15,1,一般市町村道,3700,14,単路－その他,1,138.3104166,34.8569166
2,負傷,21,車両相互,1,晴,12,昼－昼,12-15時,5,木,0,26,2021,25,12,02,2021-02-25,12:26,1,一般市町村道,3700,14,単路－その他,1,138.27425,34.8104444
2,負傷,21,車両相互,1,晴,12,昼－昼,6-9時,5,木,0,20,2021,11,07,03,2021-03-11,07:20,1,一般市町村道,3700,14,単路－その他,1,138.3248333,34.8321666
2,負傷,21,車両相互,1,晴,12,昼－昼,9-12時,5,木,0,30,2021,06,11,05,2021-05-06,11:30,1,一般都道府県道,2224,14,単路－その他,1,138.2914444,34.8459166
2,負傷,21,車両相互,1,晴,12,昼－昼,15-18時,5,木,0,26,2021,06,16,05,2021-05-06,16:26,1,一般都道府県道,2416,14,単路－その他,1,138.3199444,34.8654444
2,負傷,21,車両相互,1,晴,12,昼－昼,12-15時,5,木,0,50,2021,10,13,06,2021-06-10,13:50,1,一般市町村道,3700,14,単路－その他,1,138.3052222,34.8535555
2,負傷,21,車両相互,1,晴,12,昼－昼,6-9時,5,木,0,55,2021,22,06,07,2021-07-22,06:55,1,一般市町村道,3700,14,単路－その他,1,138.2885833,34.8085
2,負傷,21,車両相互,1,晴,12,昼－昼,15-18時,5,木,0,20,2021,26,17,08,2021-08-26,17:20,1,一般国道（国道番号）,150,14,単路－その他,1,138.3005833,34.8649444
2,負傷,21,車両相互,1,晴,12,昼－昼,9-12時,5,木,0,50,2021,05,09,08,2021-08-05,09:50,1,一般市町村道,3700,14,単路－その他,1,138.2694166,34.8135555
2,負傷,21,車両相互,1,晴,12,昼－昼,9-12時,5,木,0,17,2021,23,11,09,2021-09-23,11:17,1,一般市町村道,3700,14,単路－その他,1,138.28875,34.8682777
2,負傷,21,車両相互,1,晴,12,昼－昼,12-15時,5,木,0,05,2021,25,12,11,2021-11-25,12:05,1,農（免）道,7000,14,単路－その他,1,138.3253888,34.8989722
2,負傷,21,車両相互,1,晴,12,昼－昼,6-9時,5,木,0,11,2021,09,08,12,2021-12-09,08:11,1,一般国道（国道番号）,150,14,単路－その他,1,138.2913333,34.8233055
2,負傷,21,車両相互,1,晴,12,昼－昼,9-12時,5,木,0,00,2021,23,10,12,2021-12-23,10:00,1,一般国道（国道番号）,150,14,単路－その他,1,138.3005833,34.8649166
2,負傷,21,車両相互,1,晴,12,昼－昼,12-15時,5,木,0,16,2021,02,13,12,2021-12-02,13:16,1,一般市町村道,3700,14,単路－その他,1,138.3238055,34.8321944
2,負傷,21,車両相互,1,晴,12,昼－昼,12-15時,5,木,0,26,2021,16,13,12,2021-12-16,13:26,1,一般市町村道,3700,14,単路－その他,1,138.2698055,34.7952777
2,負傷,21,車両相互,1,晴,12,昼－昼,9-12時,5,木,0,58,2021,21,11,01,2021-01-21,11:58,2,一般の交通の用に供するその他の道路,9900,0,一般交通の場所,1,138.2890555,34.8682222
2,負傷,21,車両相互,1,晴,12,昼－昼,12-15時,5,木,0,49,2021,26,13,08,2021-08-26,13:49,2,一般の交通の用に供するその他の道路,9900,0,一般交通の場所,1,138.3178888,34.8421944
2,負傷,21,車両相互,1,晴,12,昼－昼,15-18時,5,木,0,15,2021,29,15,07,2021-07-29,15:15,2,一般市町村道,3700,1,交差点－その他,1,138.2816666,34.7877777
2,負傷,21,車両相互,1,晴,12,昼－昼,15-18時,5,木,0,15,2021,18,15,11,2021-11-18,15:15,2,一般市町村道,3700,1,交差点－その他,1,138.2831111,34.8407777
2,負傷,21,車両相互,1,晴,12,昼－昼,6-9時,5,木,0,21,2021,03,07,06,2021-06-03,07:21,2,一般市町村道,3700,7,交差点付近－その他,1,138.2988611,34.8541111
2,負傷,21,車両相互,1,晴,12,昼－昼,9-12時,5,木,0,27,2021,18,09,11,2021-11-18,09:27,2,一般国道（国道番号）,150,7,交差点付近－その他,1,138.3026388,34.8246944
2,負傷,21,車両相互,1,晴,12,昼－昼,9-12時,5,木,0,03,2021,25,10,03,2021-03-25,10:03,2,一般市町村道,3700,13,単路－カーブ・屈折,1,138.2974722,34.85
2,負傷,21,車両相互,1,晴,12,昼－昼,6-9時,5,木,0,35,2021,17,08,06,2021-06-17,08:35,2,一般都道府県道,2224,13,単路－カーブ・屈折,1,138.2925555,34.8434444
2,負傷,21,車両相互,1,晴,12,昼－昼,12-15時,5,木,0,02,2021,07,12,01,2021-01-07,12:02,2,一般国道（国道番号）,150,14,単路－その他,1,138.2726111,34.8103611
2,負傷,21,車両相互,1,晴,12,昼－昼,9-12時,5,木,0,12,2021,11,11,02,2021-02-11,11:12,2,一般国道（国道番号）,150,14,単路－その他,1,138.3331944,34.8948333
2,負傷,21,車両相互,1,晴,12,昼－昼,12-15時,5,木,0,39,2021,22,14,07,2021-07-22,14:39,2,一般国道（国道番号）,150,14,単路－その他,1,138.3226666,34.8842777
2,負傷,21,車両相互,1,晴,12,昼－昼,6-9時,5,木,0,02,2021,30,08,09,2021-09-30,08:02,2,一般市町村道,3700,14,単路－その他,1,138.2978888,34.8749166
2,負傷,21,車両相互,1,晴,12,昼－昼,15-18時,5,木,0,48,2021,10,15,06,2021-06-10,15:48,3,一般市町村道,3700,1,交差点－その他,1,138.3183055,34.8620555
2,負傷,21,車両相互,1,晴,12,昼－昼,9-12時,6,金,0,25,2021,30,09,04,2021-04-30,09:25,1,一般の交通の用に供するその他の道路,9900,0,一般交通の場所,1,138.3108611,34.83925
2,負傷,21,車両相互,1,晴,12,昼－昼,6-9時,6,金,0,55,2021,14,07,05,2021-05-14,07:55,1,一般の交通の用に供するその他の道路,9900,0,一般交通の場所,1,138.2990277,34.8590555
2,負傷,21,車両相互,1,晴,12,昼－昼,9-12時,6,金,0,33,2021,16,11,07,2021-07-16,11:33,1,一般の交通の用に供するその他の道路,9900,0,一般交通の場所,1,138.2890277,34.8681944
2,負傷,21,車両相互,1,晴,12,昼－昼,9-12時,6,金,0,00,2021,17,10,12,2021-12-17,10:00,1,一般の交通の用に供するその他の道路,9900,0,一般交通の場所,1,138.3280555,34.8474722
2,負傷,21,車両相互,1,晴,12,昼－昼,6-9時,6,金,0,47,2021,29,08,01,2021-01-29,08:47,1,主要地方道－都道府県道,1031,1,交差点－その他,1,138.3219166,34.8578055
2,負傷,21,車両相互,1,晴,12,昼－昼,6-9時,6,金,0,05,2021,08,08,01,2021-01-08,08:05,1,一般都道府県道,2224,1,交差点－その他,1,138.2865833,34.8626944
2,負傷,21,車両相互,1,晴,12,昼－昼,15-18時,6,金,0,05,2021,15,15,01,2021-01-15,15:05,1,一般都道府県道,2355,1,交差点－その他,1,138.3312222,34.841
2,負傷,21,車両相互,1,晴,12,昼－昼,9-12時,6,金,0,33,2021,29,10,01,2021-01-29,10:33,1,一般市町村道,3700,1,交差点－その他,1,138.2985277,34.8800833
2,負傷,21,車両相互,1,晴,12,昼－昼,15-18時,6,金,0,20,2021,08,15,01,2021-01-08,15:20,1,一般市町村道,3700,1,交差点－その他,1,138.3068611,34.85325
2,負傷,21,車両相互,1,晴,12,昼－昼,15-18時,6,金,0,15,2021,05,16,02,2021-02-05,16:15,1,主要地方道－都道府県道,1030,1,交差点－その他,1,138.3034722,34.8709166
2,負傷,21,車両相互,1,晴,12,昼－昼,6-9時,6,金,0,49,2021,26,06,03,2021-03-26,06:49,1,一般市町村道,3700,1,交差点－その他,1,138.3044444,34.8412777
2,負傷,21,車両相互,1,晴,12,昼－昼,9-12時,6,金,0,25,2021,05,11,03,2021-03-05,11:25,1,一般市町村道,3700,1,交差点－その他,1,138.3101111,34.84275
2,負傷,21,車両相互,1,晴,12,昼－昼,12-15時,6,金,0,30,2021,19,12,03,2021-03-19,12:30,1,一般市町村道,3700,1,交差点－その他,1,138.30325,34.8290833
2,負傷,21,車両相互,1,晴,12,昼－昼,15-18時,6,金,0,10,2021,19,15,03,2021-03-19,15:10,1,一般市町村道,3700,1,交差点－その他,1,138.2835555,34.8541666
2,負傷,21,車両相互,1,晴,12,昼－昼,9-12時,6,金,0,42,2021,30,09,04,2021-04-30,09:42,1,一般国道（国道番号）,150,1,交差点－その他,1,138.3014722,34.8268888
2,負傷,21,車両相互,1,晴,12,昼－昼,6-9時,6,金,0,36,2021,30,07,04,2021-04-30,07:36,1,一般市町村道,3700,1,交差点－その他,1,138.3230833,34.8612222
2,負傷,21,車両相互,1,晴,12,昼－昼,9-12時,6,金,0,30,2021,23,09,04,2021-04-23,09:30,1,一般市町村道,3700,1,交差点－その他,1,138.2890833,34.8508055
2,負傷,21,車両相互,1,晴,12,昼－昼,6-9時,6,金,0,40,2021,28,07,05,2021-05-28,07:40,1,一般市町村道,3700,1,交差点－その他,1,138.3178888,34.87125
2,負傷,21,車両相互,1,晴,12,昼－昼,6-9時,6,金,0,20,2021,11,07,06,2021-06-11,07:20,1,一般市町村道,3700,1,交差点－その他,1,138.3059166,34.8737222
2,負傷,21,車両相互,1,晴,12,昼－昼,12-15時,6,金,0,26,2021,11,13,06,2021-06-11,13:26,1,一般市町村道,3700,1,交差点－その他,1,138.3070833,34.8604722
2,負傷,21,車両相互,1,晴,12,昼－昼,15-18時,6,金,0,49,2021,24,15,09,2021-09-24,15:49,1,一般市町村道,3700,1,交差点－その他,1,138.3032222,34.8663888
2,負傷,21,車両相互,1,晴,12,昼－昼,15-18時,6,金,0,05,2021,24,16,09,2021-09-24,16:05,1,一般市町村道,3700,1,交差点－その他,1,138.3056944,34.8456666
2,負傷,21,車両相互,1,晴,12,昼－昼,6-9時,6,金,0,22,2021,29,07,10,2021-10-29,07:22,1,一般国道（国道番号）,150,1,交差点－その他,1,138.2999166,34.8542222
2,負傷,21,車両相互,1,晴,12,昼－昼,12-15時,6,金,0,20,2021,15,13,10,2021-10-15,13:20,1,一般市町村道,3700,1,交差点－その他,1,138.2991111,34.8650833
2,負傷,21,車両相互,1,晴,12,昼－昼,9-12時,6,金,0,20,2021,19,11,11,2021-11-19,11:20,1,主要地方道－都道府県道,1031,1,交差点－その他,1,138.31775,34.8353333
2,負傷,21,車両相互,1,晴,12,昼－昼,6-9時,6,金,0,20,2021,12,07,11,2021-11-12,07:20,1,一般市町村道,3700,1,交差点－その他,1,138.2745,34.8040277
2,負傷,21,車両相互,1,晴,12,昼－昼,12-15時,6,金,0,10,2021,12,12,02,2021-02-12,12:10,1,一般国道（国道番号）,150,7,交差点付近－その他,1,138.3075555,34.8779722
2,負傷,21,車両相互,1,晴,12,昼－昼,9-12時,6,金,0,20,2021,23,09,04,2021-04-23,09:20,1,主要地方道－都道府県道,1030,7,交差点付近－その他,1,138.3200555,34.86675
2,負傷,21,車両相互,1,晴,12,昼－昼,6-9時,6,金,0,33,2021,02,06,04,2021-04-02,06:33,1,主要地方道－都道府県道,1081,7,交差点付近－その他,1,138.2958055,34.8852222
2,負傷,21,車両相互,1,晴,12,昼－昼,15-18時,6,金,0,01,2021,06,16,08,2021-08-06,16:01,1,一般市町村道,3700,7,交差点付近－その他,1,138.3348611,34.8947777
2,負傷,21,車両相互,1,晴,12,昼－昼,6-9時,6,金,0,10,2021,10,07,09,2021-09-10,07:10,1,一般国道（国道番号）,150,7,交差点付近－その他,1,138.3005277,34.866
2,負傷,21,車両相互,1,晴,12,昼－昼,6-9時,6,金,0,09,2021,24,08,09,2021-09-24,08:09,1,一般都道府県道,2222,7,交差点付近－その他,1,138.3003888,34.8630833
2,負傷,21,車両相互,1,晴,12,昼－昼,9-12時,6,金,0,10,2021,19,09,11,2021-11-19,09:10,1,一般市町村道,3700,7,交差点付近－その他,1,138.3110555,34.8163611
2,負傷,21,車両相互,1,晴,12,昼－昼,6-9時,6,金,0,10,2021,10,08,12,2021-12-10,08:10,1,一般市町村道,3700,7,交差点付近－その他,1,138.3092777,34.8608888
2,負傷,21,車両相互,1,晴,12,昼－昼,6-9時,6,金,0,59,2021,14,06,05,2021-05-14,06:59,1,一般都道府県道,2416,12,単路－橋,1,138.3269444,34.8769444
2,負傷,21,車両相互,1,晴,12,昼－昼,9-12時,6,金,0,25,2021,29,10,01,2021-01-29,10:25,1,一般国道（国道番号）,150,14,単路－その他,1,138.269,34.80725
2,負傷,21,車両相互,1,晴,12,昼－昼,12-15時,6,金,0,12,2021,05,14,02,2021-02-05,14:12,1,一般市町村道,3700,14,単路－その他,1,138.3126388,34.83975
2,負傷,21,車両相互,1,晴,12,昼－昼,6-9時,6,金,0,59,2021,06,07,08,2021-08-06,07:59,1,一般国道（国道番号）,150,14,単路－その他,1,138.3039444,34.7993611
2,負傷,21,車両相互,1,晴,12,昼－昼,6-9時,6,金,0,53,2021,06,08,08,2021-08-06,08:53,1,一般国道（国道番号）,150,14,単路－その他,1,138.3132222,34.8795555
2,負傷,21,車両相互,1,晴,12,昼－昼,15-18時,6,金,0,10,2021,06,16,08,2021-08-06,16:10,1,一般国道（国道番号）,150,14,単路－その他,1,138.2995277,34.8531388
2,負傷,21,車両相互,1,晴,12,昼－昼,12-15時,6,金,0,25,2021,08,12,10,2021-10-08,12:25,1,一般都道府県道,2355,14,単路－その他,1,138.3281944,34.8199444
2,負傷,21,車両相互,1,晴,12,昼－昼,6-9時,6,金,0,17,2021,19,08,11,2021-11-19,08:17,1,一般国道（国道番号）,150,14,単路－その他,1,138.3123055,34.8793055
2,負傷,21,車両相互,1,晴,12,昼－昼,6-9時,6,金,0,55,2021,19,07,11,2021-11-19,07:55,1,その他,9500,14,単路－その他,1,138.3018888,34.8814166
2,負傷,21,車両相互,1,晴,12,昼－昼,12-15時,6,金,0,18,2021,19,13,02,2021-02-19,13:18,2,一般市町村道,3700,1,交差点－その他,1,138.3154722,34.8657777
2,負傷,21,車両相互,1,晴,12,昼－昼,6-9時,6,金,0,14,2021,11,07,06,2021-06-11,07:14,2,一般市町村道,3700,1,交差点－その他,1,138.2863888,34.8199166
2,負傷,21,車両相互,1,晴,12,昼－昼,9-12時,6,金,0,08,2021,23,09,07,2021-07-23,09:08,2,一般市町村道,3700,1,交差点－その他,1,138.2909722,34.8213333
2,負傷,21,車両相互,1,晴,12,昼－昼,9-12時,6,金,0,30,2021,17,10,09,2021-09-17,10:30,2,一般市町村道,3700,1,交差点－その他,1,138.2872222,34.815
2,負傷,21,車両相互,1,晴,12,昼－昼,12-15時,6,金,0,26,2021,26,12,11,2021-11-26,12:26,2,一般市町村道,3700,1,交差点－その他,1,138.2953611,34.8293055
2,負傷,21,車両相互,1,晴,12,昼－昼,12-15時,6,金,0,07,2021,23,13,07,2021-07-23,13:07,2,一般市町村道,3700,7,交差点付近－その他,1,138.3083888,34.8518611
2,負傷,21,車両相互,1,晴,12,昼－昼,9-12時,6,金,0,47,2021,24,10,12,2021-12-24,10:47,2,主要地方道－都道府県道,1030,7,交差点付近－その他,1,138.3004444,34.8825277
2,負傷,21,車両相互,1,晴,12,昼－昼,12-15時,6,金,0,28,2021,17,13,12,2021-12-17,13:28,2,一般市町村道,3700,14,単路－その他,1,138.2956111,34.8684444
2,負傷,21,車両相互,1,晴,12,昼－昼,6-9時,6,金,0,50,2021,23,06,07,2021-07-23,06:50,3,主要地方道－都道府県道,1081,1,交差点－その他,1,138.3050833,34.8808611
2,負傷,21,車両相互,1,晴,12,昼－昼,9-12時,7,土,0,01,2021,25,10,09,2021-09-25,10:01,1,一般の交通の用に供するその他の道路,9900,0,一般交通の場所,1,138.2990555,34.8590277
2,負傷,21,車両相互,1,晴,12,昼－昼,9-12時,7,土,0,00,2021,27,09,02,2021-02-27,09:00,1,一般市町村道,3700,1,交差点－その他,1,138.2951111,34.8538611
2,負傷,21,車両相互,1,晴,12,昼－昼,9-12時,7,土,0,05,2021,24,09,04,2021-04-24,09:05,1,一般都道府県道,2416,1,交差点－その他,1,138.3253055,34.8748611
2,負傷,21,車両相互,1,晴,12,昼－昼,12-15時,7,土,0,08,2021,15,14,05,2021-05-15,14:08,1,一般国道（国道番号）,150,1,交差点－その他,1,138.2976388,34.8275555
2,負傷,21,車両相互,1,晴,12,昼－昼,9-12時,7,土,0,08,2021,08,11,05,2021-05-08,11:08,1,一般都道府県道,2416,1,交差点－その他,1,138.3179166,34.8471388
2,負傷,21,車両相互,1,晴,12,昼－昼,9-12時,7,土,0,40,2021,08,10,05,2021-05-08,10:40,1,一般市町村道,3700,1,交差点－その他,1,138.2910555,34.7948611
2,負傷,21,車両相互,1,晴,12,昼－昼,6-9時,7,土,0,51,2021,28,08,08,2021-08-28,08:51,1,一般市町村道,3700,1,交差点－その他,1,138.2986111,34.85825
2,負傷,21,車両相互,1,晴,12,昼－昼,6-9時,7,土,0,11,2021,30,07,10,2021-10-30,07:11,1,一般市町村道,3700,1,交差点－その他,1,138.2628888,34.8033611
2,負傷,21,車両相互,1,晴,12,昼－昼,15-18時,7,土,0,30,2021,23,15,10,2021-10-23,15:30,1,一般市町村道,3700,1,交差点－その他,1,138.30025,34.8078055
2,負傷,21,車両相互,1,晴,12,昼－昼,12-15時,7,土,0,15,2021,13,14,11,2021-11-13,14:15,1,一般市町村道,3700,1,交差点－その他,1,138.3211388,34.8580555
2,負傷,21,車両相互,1,晴,12,昼－昼,9-12時,7,土,0,49,2021,25,10,12,2021-12-25,10:49,1,一般都道府県道,2213,1,交差点－その他,1,138.3132777,34.8831944
2,負傷,21,車両相互,1,晴,12,昼－昼,9-12時,7,土,0,25,2021,04,09,12,2021-12-04,09:25,1,一般都道府県道,2416,1,交差点－その他,1,138.3283888,34.8785555
2,負傷,21,車両相互,1,晴,12,昼－昼,6-9時,7,土,0,57,2021,30,07,01,2021-01-30,07:57,1,一般市町村道,3700,7,交差点付近－その他,1,138.311,34.8163055
2,負傷,21,車両相互,1,晴,12,昼－昼,15-18時,7,土,0,10,2021,20,16,02,2021-02-20,16:10,1,一般国道（国道番号）,150,7,交差点付近－その他,1,138.3212222,34.8830555
2,負傷,21,車両相互,1,晴,12,昼－昼,9-12時,7,土,0,35,2021,24,10,07,2021-07-24,10:35,1,一般国道（国道番号）,150,7,交差点付近－その他,1,138.302,34.8765833
2,負傷,21,車両相互,1,晴,12,昼－昼,12-15時,7,土,0,33,2021,06,14,11,2021-11-06,14:33,1,一般国道（国道番号）,150,7,交差点付近－その他,1,138.2734444,34.8115555
2,負傷,21,車両相互,1,晴,12,昼－昼,6-9時,7,土,0,14,2021,05,07,06,2021-06-05,07:14,1,一般都道府県道,2226,13,単路－カーブ・屈折,1,138.2824722,34.8407777
2,負傷,21,車両相互,1,晴,12,昼－昼,9-12時,7,土,0,27,2021,31,11,07,2021-07-31,11:27,1,一般国道（国道番号）,150,13,単路－カーブ・屈折,1,138.3163888,34.8803611
2,負傷,21,車両相互,1,晴,12,昼－昼,12-15時,7,土,0,20,2021,20,12,02,2021-02-20,12:20,1,一般都道府県道,2224,14,単路－その他,1,138.2873611,34.8611111
2,負傷,21,車両相互,1,晴,12,昼－昼,12-15時,7,土,0,20,2021,10,12,04,2021-04-10,12:20,1,一般市町村道,3700,14,単路－その他,1,138.2826944,34.8635
2,負傷,21,車両相互,1,晴,12,昼－昼,12-15時,7,土,0,20,2021,03,13,04,2021-04-03,13:20,1,一般市町村道,3700,14,単路－その他,1,138.285,34.8379444
2,負傷,21,車両相互,1,晴,12,昼－昼,6-9時,7,土,0,55,2021,01,08,05,2021-05-01,08:55,1,一般市町村道,3700,14,単路－その他,1,138.2892222,34.8681111
2,負傷,21,車両相互,1,晴,12,昼－昼,12-15時,7,土,0,40,2021,15,14,05,2021-05-15,14:40,1,一般市町村道,3700,14,単路－その他,1,138.3005833,34.8652222
2,負傷,21,車両相互,1,晴,12,昼－昼,12-15時,7,土,0,55,2021,10,14,07,2021-07-10,14:55,1,一般市町村道,3700,14,単路－その他,1,138.3088888,34.8397777
2,負傷,21,車両相互,1,晴,12,昼－昼,12-15時,7,土,0,15,2021,25,13,09,2021-09-25,13:15,1,一般市町村道,3700,14,単路－その他,1,138.3078888,34.8445833
2,負傷,21,車両相互,1,晴,12,昼－昼,12-15時,7,土,0,25,2021,02,12,10,2021-10-02,12:25,1,一般市町村道,3700,14,単路－その他,1,138.3079166,34.8420277
2,負傷,21,車両相互,1,晴,12,昼－昼,9-12時,7,土,0,05,2021,25,11,12,2021-12-25,11:05,2,一般の交通の用に供するその他の道路,9900,0,一般交通の場所,1,138.3088333,34.8416388
2,負傷,21,車両相互,1,晴,12,昼－昼,12-15時,7,土,0,33,2021,16,13,01,2021-01-16,13:33,2,一般都道府県道,2355,1,交差点－その他,1,138.33125,34.841
2,負傷,21,車両相互,1,晴,12,昼－昼,6-9時,7,土,0,04,2021,10,08,07,2021-07-10,08:04,2,一般国道（国道番号）,150,7,交差点付近－その他,1,138.3340277,34.8954722
2,負傷,21,車両相互,1,晴,12,昼－昼,15-18時,7,土,0,05,2021,17,15,07,2021-07-17,15:05,2,主要地方道－都道府県道,1081,7,交差点付近－その他,1,138.3053611,34.8808055
2,負傷,21,車両相互,1,晴,12,昼－昼,12-15時,7,土,0,20,2021,20,14,11,2021-11-20,14:20,2,一般都道府県道,2416,7,交差点付近－その他,1,138.3179722,34.8574166
2,負傷,21,車両相互,1,晴,12,昼－昼,12-15時,7,土,0,28,2021,30,14,01,2021-01-30,14:28,2,一般市町村道,3700,14,単路－その他,1,138.3085833,34.8416111
2,負傷,21,車両相互,1,晴,12,昼－昼,9-12時,7,土,0,10,2021,04,11,12,2021-12-04,11:10,2,一般国道（国道番号）,150,14,単路－その他,1,138.2974444,34.8274444
2,負傷,21,車両相互,1,晴,12,昼－昼,12-15時,7,土,0,28,2021,03,12,04,2021-04-03,12:28,3,一般都道府県道,2416,1,交差点－その他,1,138.3362777,34.8845277
2,負傷,21,車両相互,1,晴,12,昼－昼,15-18時,7,土,0,37,2021,17,15,07,2021-07-17,15:37,3,一般国道（国道番号）,150,1,交差点－その他,1,138.2931944,34.8425277
2,負傷,21,車両相互,1,晴,12,昼－昼,9-12時,7,土,0,13,2021,10,10,07,2021-07-10,10:13,3,一般都道府県道,2226,1,交差点－その他,1,138.3154444,34.8272777
2,負傷,21,車両相互,1,晴,12,昼－昼,6-9時,7,土,0,03,2021,31,08,07,2021-07-31,08:03,3,一般市町村道,3700,1,交差点－その他,1,138.3092777,34.8602777
2,負傷,21,車両相互,1,晴,13,昼－暮,15-18時,1,日,0,42,2021,07,16,02,2021-02-07,16:42,1,主要地方道－都道府県道,1081,1,交差点－その他,1,138.3122222,34.8761666
2,負傷,21,車両相互,1,晴,13,昼－暮,18-21時,1,日,0,20,2021,13,18,06,2021-06-13,18:20,1,一般市町村道,3700,1,交差点－その他,1,138.3203055,34.8474444
2,負傷,21,車両相互,1,晴,13,昼－暮,18-21時,1,日,0,10,2021,11,18,07,2021-07-11,18:10,1,一般都道府県道,2416,7,交差点付近－その他,1,138.318,34.8466111
2,負傷,21,車両相互,1,晴,13,昼－暮,15-18時,1,日,0,58,2021,12,15,12,2021-12-12,15:58,3,一般都道府県道,2213,1,交差点－その他,1,138.3156388,34.8764166
2,負傷,21,車両相互,1,晴,13,昼－暮,15-18時,2,月,0,10,2021,01,17,02,2021-02-01,17:10,1,主要地方道－都道府県道,1030,1,交差点－その他,1,138.3039166,34.8706111
2,負傷,21,車両相互,1,晴,13,昼－暮,15-18時,2,月,0,38,2021,22,17,03,2021-03-22,17:38,1,主要地方道－都道府県道,1031,1,交差点－その他,1,138.3187777,34.8272777
2,負傷,21,車両相互,1,晴,13,昼－暮,15-18時,2,月,0,18,2021,01,17,03,2021-03-01,17:18,1,一般市町村道,3700,1,交差点－その他,1,138.2939166,34.8826944
2,負傷,21,車両相互,1,晴,13,昼－暮,15-18時,2,月,0,55,2021,26,17,04,2021-04-26,17:55,1,一般国道（国道番号）,150,1,交差点－その他,1,138.32,34.8822777
2,負傷,21,車両相互,1,晴,13,昼－暮,15-18時,2,月,0,57,2021,15,15,11,2021-11-15,15:57,1,一般市町村道,3700,1,交差点－その他,1,138.3143611,34.8646666
2,負傷,21,車両相互,1,晴,13,昼－暮,18-21時,2,月,0,15,2021,31,18,05,2021-05-31,18:15,1,一般市町村道,3700,14,単路－その他,1,138.3233611,34.8410277
2,負傷,21,車両相互,1,晴,13,昼－暮,15-18時,2,月,0,08,2021,13,16,12,2021-12-13,16:08,2,主要地方道－都道府県道,1031,1,交差点－その他,1,138.2899444,34.7913333
2,負傷,21,車両相互,1,晴,13,昼－暮,15-18時,2,月,0,20,2021,01,16,02,2021-02-01,16:20,3,一般市町村道,3700,1,交差点－その他,1,138.3255833,34.8625555
2,負傷,21,車両相互,1,晴,13,昼－暮,15-18時,3,火,0,45,2021,30,17,03,2021-03-30,17:45,1,一般都道府県道,2224,1,交差点－その他,1,138.2884166,34.8574444
2,負傷,21,車両相互,1,晴,13,昼－暮,15-18時,3,火,0,45,2021,06,17,04,2021-04-06,17:45,1,一般市町村道,3700,1,交差点－その他,1,138.31675,34.8699166
2,負傷,21,車両相互,1,晴,13,昼－暮,15-18時,3,火,0,45,2021,28,16,09,2021-09-28,16:45,1,一般都道府県道,2222,1,交差点－その他,1,138.3036388,34.8633611
2,負傷,21,車両相互,1,晴,13,昼－暮,15-18時,3,火,0,50,2021,09,15,11,2021-11-09,15:50,1,一般市町村道,3700,1,交差点－その他,1,138.312,34.8181388
2,負傷,21,車両相互,1,晴,13,昼－暮,18-21時,3,火,0,05,2021,15,18,06,2021-06-15,18:05,1,一般市町村道,3700,13,単路－カーブ・屈折,1,138.2888888,34.8463888
2,負傷,21,車両相互,1,晴,13,昼－暮,18-21時,3,火,0,04,2021,11,18,05,2021-05-11,18:04,1,一般市町村道,3700,14,単路－その他,1,138.2948888,34.8575555
2,負傷,21,車両相互,1,晴,13,昼－暮,15-18時,3,火,0,06,2021,28,17,09,2021-09-28,17:06,1,一般市町村道,3700,14,単路－その他,1,138.2953888,34.7901111
2,負傷,21,車両相互,1,晴,13,昼－暮,15-18時,3,火,0,05,2021,19,16,01,2021-01-19,16:05,2,一般市町村道,3700,1,交差点－その他,1,138.2880833,34.7990833
2,負傷,21,車両相互,1,晴,13,昼－暮,15-18時,4,水,0,52,2021,20,16,10,2021-10-20,16:52,1,一般の交通の用に供するその他の道路,9900,0,一般交通の場所,1,138.324,34.88575
2,負傷,21,車両相互,1,晴,13,昼－暮,18-21時,4,水,0,45,2021,26,18,05,2021-05-26,18:45,2,一般都道府県道,2222,1,交差点－その他,1,138.2853888,34.8617777
2,負傷,21,車両相互,1,晴,13,昼－暮,15-18時,4,水,0,50,2021,29,16,09,2021-09-29,16:50,4,一般市町村道,3700,1,交差点－その他,1,138.3045277,34.7975
2,負傷,21,車両相互,1,晴,13,昼－暮,15-18時,5,木,0,30,2021,23,17,09,2021-09-23,17:30,1,一般の交通の用に供するその他の道路,9900,0,一般交通の場所,1,138.3080833,34.8803333
2,負傷,21,車両相互,1,晴,13,昼－暮,15-18時,5,木,0,14,2021,28,16,10,2021-10-28,16:14,1,一般国道（国道番号）,150,1,交差点－その他,1,138.3061111,34.8018055
2,負傷,21,車両相互,1,晴,13,昼－暮,15-18時,5,木,0,42,2021,22,17,04,2021-04-22,17:42,1,一般都道府県道,2224,7,交差点付近－その他,1,138.2882777,34.8584444
2,負傷,21,車両相互,1,晴,13,昼－暮,15-18時,5,木,0,37,2021,22,17,04,2021-04-22,17:37,1,主要地方道－都道府県道,1034,14,単路－その他,1,138.2522777,34.8130555
2,負傷,21,車両相互,1,晴,13,昼－暮,15-18時,5,木,0,38,2021,21,16,01,2021-01-21,16:38,2,一般市町村道,3700,1,交差点－その他,1,138.3234444,34.8401666
2,負傷,21,車両相互,1,晴,13,昼－暮,15-18時,5,木,0,09,2021,18,17,02,2021-02-18,17:09,2,一般都道府県道,2224,12,単路－橋,1,138.2819722,34.8668611
2,負傷,21,車両相互,1,晴,13,昼－暮,15-18時,6,金,0,10,2021,05,16,11,2021-11-05,16:10,1,一般市町村道,3700,7,交差点付近－その他,1,138.30675,34.8349444
2,負傷,21,車両相互,1,晴,13,昼－暮,15-18時,6,金,0,45,2021,03,15,12,2021-12-03,15:45,1,一般都道府県道,2224,14,単路－その他,1,138.2888333,34.8526666
2,負傷,21,車両相互,1,晴,13,昼－暮,15-18時,7,土,0,20,2021,23,16,10,2021-10-23,16:20,1,一般市町村道,3700,1,交差点－その他,1,138.2850555,34.8651111
2,負傷,21,車両相互,1,晴,13,昼－暮,15-18時,7,土,0,10,2021,02,17,10,2021-10-02,17:10,1,一般市町村道,3700,1,交差点－その他,1,138.3192222,34.8105
2,負傷,21,車両相互,1,晴,13,昼－暮,15-18時,7,土,0,47,2021,13,15,11,2021-11-13,15:47,1,一般都道府県道,2416,1,交差点－その他,1,138.3175555,34.8400277
2,負傷,21,車両相互,1,晴,13,昼－暮,18-21時,7,土,0,25,2021,12,18,06,2021-06-12,18:25,1,一般市町村道,3700,7,交差点付近－その他,1,138.2930277,34.8683055
2,負傷,21,車両相互,1,晴,13,昼－暮,15-18時,7,土,0,05,2021,30,16,10,2021-10-30,16:05,2,一般市町村道,3700,7,交差点付近－その他,1,138.2518611,34.8127777
2,負傷,21,車両相互,1,晴,21,夜－暮,18-21時,1,日,0,17,2021,14,18,03,2021-03-14,18:17,1,一般市町村道,3700,1,交差点－その他,1,138.3138611,34.8581111
2,負傷,21,車両相互,1,晴,21,夜－暮,18-21時,1,日,0,16,2021,01,19,08,2021-08-01,19:16,1,一般都道府県道,2222,1,交差点－その他,1,138.2826666,34.8612777
2,負傷,21,車両相互,1,晴,21,夜－暮,18-21時,1,日,0,09,2021,17,18,10,2021-10-17,18:09,1,一般都道府県道,2224,1,交差点－その他,1,138.28325,34.8655833
2,負傷,21,車両相互,1,晴,21,夜－暮,15-18時,1,日,0,40,2021,28,16,11,2021-11-28,16:40,1,一般都道府県道,2416,1,交差点－その他,1,138.3181944,34.8583888
2,負傷,21,車両相互,1,晴,21,夜－暮,15-18時,1,日,0,15,2021,05,17,12,2021-12-05,17:15,1,一般市町村道,3700,1,交差点－その他,1,138.314,34.8401111
2,負傷,21,車両相互,1,晴,21,夜－暮,18-21時,1,日,0,18,2021,11,18,04,2021-04-11,18:18,1,一般市町村道,3700,7,交差点付近－その他,1,138.3124166,34.8427222
2,負傷,21,車両相互,1,晴,21,夜－暮,15-18時,1,日,0,18,2021,19,17,12,2021-12-19,17:18,1,一般都道府県道,2226,7,交差点付近－その他,1,138.2992222,34.8423333
2,負傷,21,車両相互,1,晴,21,夜－暮,15-18時,1,日,0,38,2021,05,16,12,2021-12-05,16:38,1,一般市町村道,3700,7,交差点付近－その他,1,138.2825833,34.8630277
2,負傷,21,車両相互,1,晴,21,夜－暮,15-18時,1,日,0,30,2021,10,17,01,2021-01-10,17:30,1,一般国道（国道番号）,150,14,単路－その他,1,138.3345833,34.8961111
2,負傷,21,車両相互,1,晴,21,夜－暮,15-18時,1,日,0,30,2021,10,17,01,2021-01-10,17:30,2,一般国道（国道番号）,150,14,単路－その他,1,138.3356666,34.8974166
2,負傷,21,車両相互,1,晴,21,夜－暮,15-18時,2,月,0,17,2021,18,17,01,2021-01-18,17:17,1,一般都道府県道,2416,1,交差点－その他,1,138.3283888,34.8785833
2,負傷,21,車両相互,1,晴,21,夜－暮,15-18時,2,月,0,34,2021,29,17,11,2021-11-29,17:34,1,一般国道（国道番号）,150,1,交差点－その他,1,138.3004444,34.8336944
2,負傷,21,車両相互,1,晴,21,夜－暮,15-18時,2,月,0,49,2021,25,17,01,2021-01-25,17:49,1,主要地方道－都道府県道,1031,7,交差点付近－その他,1,138.2902777,34.7866111
2,負傷,21,車両相互,1,晴,21,夜－暮,15-18時,2,月,0,35,2021,25,17,01,2021-01-25,17:35,1,一般市町村道,3700,7,交差点付近－その他,1,138.2803333,34.8070555
2,負傷,21,車両相互,1,晴,21,夜－暮,18-21時,2,月,0,10,2021,19,19,04,2021-04-19,19:10,1,一般国道（国道番号）,150,7,交差点付近－その他,1,138.2797777,34.8166388
2,負傷,21,車両相互,1,晴,21,夜－暮,15-18時,2,月,0,55,2021,18,17,01,2021-01-18,17:55,1,主要地方道－都道府県道,1031,14,単路－その他,1,138.2847222,34.7814444
2,負傷,21,車両相互,1,晴,21,夜－暮,18-21時,2,月,0,53,2021,13,18,09,2021-09-13,18:53,2,一般市町村道,3700,1,交差点－その他,1,138.3080833,34.8466666
2,負傷,21,車両相互,1,晴,21,夜－暮,18-21時,3,火,0,50,2021,20,18,04,2021-04-20,18:50,1,一般市町村道,3700,1,交差点－その他,1,138.31075,34.8285277
2,負傷,21,車両相互,1,晴,21,夜－暮,18-21時,3,火,0,09,2021,08,19,06,2021-06-08,19:09,1,一般市町村道,3700,1,交差点－その他,1,138.3146111,34.8900555
2,負傷,21,車両相互,1,晴,21,夜－暮,18-21時,3,火,0,13,2021,15,19,06,2021-06-15,19:13,1,主要地方道－都道府県道,1031,7,交差点付近－その他,1,138.3187777,34.8275
2,負傷,21,車両相互,1,晴,21,夜－暮,15-18時,4,水,0,43,2021,10,17,02,2021-02-10,17:43,1,一般市町村道,3700,1,交差点－その他,1,138.2858611,34.8678888
2,負傷,21,車両相互,1,晴,21,夜－暮,18-21時,4,水,0,30,2021,24,18,02,2021-02-24,18:30,1,一般市町村道,3700,1,交差点－その他,1,138.3024166,34.8390555
2,負傷,21,車両相互,1,晴,21,夜－暮,18-21時,4,水,0,01,2021,08,19,09,2021-09-08,19:01,1,一般国道（国道番号）,150,1,交差点－その他,1,138.3116666,34.8791111
2,負傷,21,車両相互,1,晴,21,夜－暮,15-18時,4,水,0,46,2021,10,16,11,2021-11-10,16:46,1,一般市町村道,3700,1,交差点－その他,1,138.2944444,34.7953611
2,負傷,21,車両相互,1,晴,21,夜－暮,15-18時,4,水,0,38,2021,17,17,11,2021-11-17,17:38,1,一般市町村道,3700,1,交差点－その他,1,138.3265,34.8666944
2,負傷,21,車両相互,1,晴,21,夜－暮,18-21時,4,水,0,00,2021,14,19,04,2021-04-14,19:00,1,一般国道（国道番号）,150,7,交差点付近－その他,1,138.2625277,34.8015277
2,負傷,21,車両相互,1,晴,21,夜－暮,15-18時,4,水,0,17,2021,10,17,11,2021-11-10,17:17,1,一般国道（国道番号）,150,7,交差点付近－その他,1,138.3295277,34.8911111
2,負傷,21,車両相互,1,晴,21,夜－暮,15-18時,4,水,0,25,2021,24,17,11,2021-11-24,17:25,1,一般国道（国道番号）,150,7,交差点付近－その他,1,138.2994444,34.8516388
2,負傷,21,車両相互,1,晴,21,夜－暮,15-18時,4,水,0,10,2021,24,17,11,2021-11-24,17:10,1,主要地方道－都道府県道,1081,7,交差点付近－その他,1,138.305,34.881
2,負傷,21,車両相互,1,晴,21,夜－暮,15-18時,4,水,0,23,2021,06,17,01,2021-01-06,17:23,1,一般国道（国道番号）,150,14,単路－その他,1,138.3128888,34.8795555
2,負傷,21,車両相互,1,晴,21,夜－暮,18-21時,5,木,0,29,2021,22,19,07,2021-07-22,19:29,1,一般市町村道,3700,1,交差点－その他,1,138.3164166,34.84625
2,負傷,21,車両相互,1,晴,21,夜－暮,18-21時,5,木,0,00,2021,26,19,08,2021-08-26,19:00,1,一般市町村道,3700,1,交差点－その他,1,138.2748611,34.7985
2,負傷,21,車両相互,1,晴,21,夜－暮,15-18時,5,木,0,43,2021,18,16,11,2021-11-18,16:43,1,一般市町村道,3700,1,交差点－その他,1,138.2758888,34.8099444
2,負傷,21,車両相互,1,晴,21,夜－暮,15-18時,5,木,0,25,2021,16,17,12,2021-12-16,17:25,1,一般国道（国道番号）,150,1,交差点－その他,1,138.3076111,34.8782222
2,負傷,21,車両相互,1,晴,21,夜－暮,15-18時,5,木,0,43,2021,07,17,01,2021-01-07,17:43,2,一般国道（国道番号）,150,14,単路－その他,1,138.2693333,34.8075555
2,負傷,21,車両相互,1,晴,21,夜－暮,18-21時,6,金,0,26,2021,06,19,08,2021-08-06,19:26,1,一般の交通の用に供するその他の道路,9900,0,一般交通の場所,1,138.2890555,34.8681944
2,負傷,21,車両相互,1,晴,21,夜－暮,15-18時,6,金,0,04,2021,19,17,11,2021-11-19,17:04,1,一般市町村道,3700,1,交差点－その他,1,138.3038055,34.8562222
2,負傷,21,車両相互,1,晴,21,夜－暮,15-18時,6,金,0,23,2021,15,17,01,2021-01-15,17:23,1,一般国道（国道番号）,150,7,交差点付近－その他,1,138.2872777,34.82225
2,負傷,21,車両相互,1,晴,21,夜－暮,18-21時,6,金,0,41,2021,30,18,04,2021-04-30,18:41,1,一般市町村道,3700,7,交差点付近－その他,1,138.2973611,34.87525
2,負傷,21,車両相互,1,晴,21,夜－暮,18-21時,6,金,0,38,2021,19,18,03,2021-03-19,18:38,1,一般市町村道,3700,14,単路－その他,1,138.2986944,34.8748055
2,負傷,21,車両相互,1,晴,21,夜－暮,15-18時,6,金,0,15,2021,10,17,12,2021-12-10,17:15,1,一般都道府県道,2224,14,単路－その他,1,138.2915277,34.8458055
2,負傷,21,車両相互,1,晴,21,夜－暮,15-18時,6,金,0,15,2021,29,17,10,2021-10-29,17:15,2,一般国道（国道番号）,150,14,単路－その他,1,138.30075,34.83075
2,負傷,21,車両相互,1,晴,21,夜－暮,18-21時,7,土,0,58,2021,17,19,07,2021-07-17,19:58,1,主要地方道－都道府県道,1030,1,交差点－その他,1,138.2951944,34.8718611
2,負傷,21,車両相互,1,晴,21,夜－暮,18-21時,7,土,0,15,2021,08,19,05,2021-05-08,19:15,1,主要地方道－都道府県道,1034,7,交差点付近－その他,1,138.25825,34.8184722
2,負傷,21,車両相互,1,晴,21,夜－暮,18-21時,7,土,0,10,2021,12,19,06,2021-06-12,19:10,2,主要地方道－都道府県道,1081,7,交差点付近－その他,1,138.3067222,34.8804166
2,負傷,21,車両相互,1,晴,22,夜－夜,18-21時,1,日,0,32,2021,19,20,09,2021-09-19,20:32,1,一般の交通の用に供するその他の道路,9900,0,一般交通の場所,1,138.2824166,34.8586111
2,負傷,21,車両相互,1,晴,22,夜－夜,18-21時,1,日,0,55,2021,17,18,10,2021-10-17,18:55,1,一般国道（国道番号）,150,7,交差点付近－その他,1,138.2739444,34.8115277
2,負傷,21,車両相互,1,晴,22,夜－夜,18-21時,1,日,0,04,2021,14,18,11,2021-11-14,18:04,1,一般国道（国道番号）,150,7,交差点付近－その他,1,138.3004722,34.8295555
2,負傷,21,車両相互,1,晴,22,夜－夜,21-24時,1,日,0,52,2021,11,21,04,2021-04-11,21:52,2,一般都道府県道,2222,7,交差点付近－その他,1,138.3144166,34.8638611
2,負傷,21,車両相互,1,晴,22,夜－夜,18-21時,2,月,0,01,2021,15,20,02,2021-02-15,20:01,1,主要地方道－都道府県道,1081,1,交差点－その他,1,138.3117777,34.8774166
2,負傷,21,車両相互,1,晴,22,夜－夜,18-21時,2,月,0,40,2021,10,19,05,2021-05-10,19:40,1,一般国道（国道番号）,150,1,交差点－その他,1,138.2996111,34.8745833
2,負傷,21,車両相互,1,晴,22,夜－夜,18-21時,2,月,0,00,2021,20,18,12,2021-12-20,18:00,1,一般都道府県道,2224,12,単路－橋,1,138.2816111,34.8671388
2,負傷,21,車両相互,1,晴,22,夜－夜,15-18時,2,月,0,41,2021,29,17,11,2021-11-29,17:41,1,一般市町村道,3700,14,単路－その他,1,138.3200833,34.8320555
2,負傷,21,車両相互,1,晴,22,夜－夜,15-18時,2,月,0,58,2021,20,17,12,2021-12-20,17:58,1,一般市町村道,3700,14,単路－その他,1,138.3028333,34.8541111
2,負傷,21,車両相互,1,晴,22,夜－夜,21-24時,2,月,0,59,2021,19,21,04,2021-04-19,21:59,2,一般国道（国道番号）,150,1,交差点－その他,1,138.3243888,34.8860833
2,負傷,21,車両相互,1,晴,22,夜－夜,3-6時,3,火,0,26,2021,19,05,01,2021-01-19,05:26,1,一般市町村道,3700,1,交差点－その他,1,138.2619444,34.8019444
2,負傷,21,車両相互,1,晴,22,夜－夜,21-24時,3,火,0,50,2021,01,23,06,2021-06-01,23:50,1,一般国道（国道番号）,150,1,交差点－その他,1,138.3056388,34.8776111
2,負傷,21,車両相互,1,晴,22,夜－夜,18-21時,3,火,0,44,2021,05,18,10,2021-10-05,18:44,1,主要地方道－都道府県道,1033,1,交差点－その他,1,138.28025,34.8145277
2,負傷,21,車両相互,1,晴,22,夜－夜,0-3時,3,火,0,33,2021,23,01,11,2021-11-23,01:33,1,一般国道（国道番号）,150,1,交差点－その他,1,138.3091666,34.8786388
2,負傷,21,車両相互,1,晴,22,夜－夜,21-24時,3,火,0,35,2021,02,23,11,2021-11-02,23:35,1,一般国道（国道番号）,150,1,交差点－その他,1,138.27925,34.8161666
2,負傷,21,車両相互,1,晴,22,夜－夜,21-24時,3,火,0,10,2021,27,21,04,2021-04-27,21:10,1,一般都道府県道,2416,7,交差点付近－その他,1,138.3214166,34.8687222
2,負傷,21,車両相互,1,晴,22,夜－夜,18-21時,3,火,0,39,2021,19,19,01,2021-01-19,19:39,1,一般国道（国道番号）,150,14,単路－その他,1,138.3216111,34.8833611
2,負傷,21,車両相互,1,晴,22,夜－夜,21-24時,3,火,0,47,2021,16,21,11,2021-11-16,21:47,1,一般国道（国道番号）,150,14,単路－その他,1,138.2932222,34.8245277
2,負傷,21,車両相互,1,晴,22,夜－夜,18-21時,3,火,0,20,2021,28,18,12,2021-12-28,18:20,1,一般市町村道,3700,14,単路－その他,1,138.30475,34.8804444
2,負傷,21,車両相互,1,晴,22,夜－夜,21-24時,3,火,0,40,2021,20,22,07,2021-07-20,22:40,2,一般の交通の用に供するその他の道路,9900,0,一般交通の場所,1,138.3334166,34.8778333
2,負傷,21,車両相互,1,晴,22,夜－夜,18-21時,3,火,0,15,2021,21,19,12,2021-12-21,19:15,2,一般国道（国道番号）,150,1,交差点－その他,1,138.3109166,34.8162222
2,負傷,21,車両相互,1,晴,22,夜－夜,18-21時,4,水,0,22,2021,06,18,01,2021-01-06,18:22,1,一般都道府県道,2416,1,交差点－その他,1,138.3030555,34.8313055
2,負傷,21,車両相互,1,晴,22,夜－夜,21-24時,4,水,0,08,2021,10,22,03,2021-03-10,22:08,1,一般都道府県道,2416,1,交差点－その他,1,138.3212222,34.8684722
2,負傷,21,車両相互,1,晴,22,夜－夜,3-6時,4,水,0,23,2021,29,04,12,2021-12-29,04:23,1,一般市町村道,3700,1,交差点－その他,1,138.3041388,34.8796111
2,負傷,21,車両相互,1,晴,22,夜－夜,21-24時,4,水,0,15,2021,14,23,07,2021-07-14,23:15,1,一般市町村道,3700,7,交差点付近－その他,1,138.2841944,34.8046111
2,負傷,21,車両相互,1,晴,22,夜－夜,18-21時,4,水,0,20,2021,01,19,12,2021-12-01,19:20,1,主要地方道－都道府県道,1081,7,交差点付近－その他,1,138.3154166,34.8694722
2,負傷,21,車両相互,1,晴,22,夜－夜,3-6時,4,水,0,50,2021,13,05,01,2021-01-13,05:50,1,一般国道（国道番号）,150,14,単路－その他,1,138.3008611,34.8628888
2,負傷,21,車両相互,1,晴,22,夜－夜,18-21時,4,水,0,07,2021,27,18,10,2021-10-27,18:07,1,一般市町村道,3700,14,単路－その他,1,138.3102222,34.8685277
2,負傷,21,車両相互,1,晴,22,夜－夜,18-21時,4,水,0,05,2021,03,20,02,2021-02-03,20:05,2,一般都道府県道,2227,1,交差点－その他,1,138.2621388,34.8223888
2,負傷,21,車両相互,1,晴,22,夜－夜,21-24時,4,水,0,20,2021,09,21,06,2021-06-09,21:20,2,主要地方道－都道府県道,1081,1,交差点－その他,1,138.3051388,34.8808611
2,負傷,21,車両相互,1,晴,22,夜－夜,21-24時,4,水,0,45,2021,10,22,03,2021-03-10,22:45,2,一般国道（国道番号）,150,7,交差点付近－その他,1,138.3010555,34.8593333
2,負傷,21,車両相互,1,晴,22,夜－夜,21-24時,4,水,0,05,2021,21,21,07,2021-07-21,21:05,2,一般国道（国道番号）,150,13,単路－カーブ・屈折,1,138.3001388,34.8668611
2,負傷,21,車両相互,1,晴,22,夜－夜,18-21時,4,水,0,47,2021,08,19,09,2021-09-08,19:47,3,主要地方道－都道府県道,1034,1,交差点－その他,1,138.2549444,34.8151666
2,負傷,21,車両相互,1,晴,22,夜－夜,3-6時,5,木,0,15,2021,18,04,02,2021-02-18,04:15,1,一般市町村道,3700,1,交差点－その他,1,138.2916944,34.8665277
2,負傷,21,車両相互,1,晴,22,夜－夜,18-21時,5,木,0,46,2021,11,19,03,2021-03-11,19:46,1,一般市町村道,3700,1,交差点－その他,1,138.3133333,34.8674166
2,負傷,21,車両相互,1,晴,22,夜－夜,18-21時,5,木,0,35,2021,10,20,06,2021-06-10,20:35,1,一般市町村道,3700,1,交差点－その他,1,138.3081944,34.8481944
2,負傷,21,車両相互,1,晴,22,夜－夜,21-24時,5,木,0,43,2021,11,23,03,2021-03-11,23:43,1,一般市町村道,3700,7,交差点付近－その他,1,138.3139166,34.8622222
2,負傷,21,車両相互,1,晴,22,夜－夜,18-21時,5,木,0,40,2021,28,20,01,2021-01-28,20:40,2,一般市町村道,3700,1,交差点－その他,1,138.2878055,34.80775
2,負傷,21,車両相互,1,晴,22,夜－夜,21-24時,5,木,0,58,2021,18,21,11,2021-11-18,21:58,2,一般国道（国道番号）,150,7,交差点付近－その他,1,138.2812777,34.8179444
2,負傷,21,車両相互,1,晴,22,夜－夜,18-21時,5,木,0,12,2021,02,20,12,2021-12-02,20:12,2,一般都道府県道,2226,7,交差点付近－その他,1,138.2965277,34.8371666
2,負傷,21,車両相互,1,晴,22,夜－夜,18-21時,6,金,0,10,2021,19,19,03,2021-03-19,19:10,1,一般の交通の用に供するその他の道路,9900,0,一般交通の場所,1,138.3071111,34.8037222
2,負傷,21,車両相互,1,晴,22,夜－夜,21-24時,6,金,0,30,2021,25,21,06,2021-06-25,21:30,1,一般国道（国道番号）,150,1,交差点－その他,1,138.29975,34.8440555
2,負傷,21,車両相互,1,晴,22,夜－夜,18-21時,6,金,0,57,2021,05,18,02,2021-02-05,18:57,1,一般市町村道,3700,7,交差点付近－その他,1,138.2832777,34.85325
2,負傷,21,車両相互,1,晴,22,夜－夜,21-24時,6,金,0,19,2021,07,22,05,2021-05-07,22:19,1,一般国道（国道番号）,150,7,交差点付近－その他,1,138.3340277,34.8955
2,負傷,21,車両相互,1,晴,22,夜－夜,18-21時,6,金,0,17,2021,19,19,02,2021-02-19,19:17,1,一般国道（国道番号）,150,14,単路－その他,1,138.2993888,34.8715833
2,負傷,21,車両相互,1,晴,22,夜－夜,18-21時,6,金,0,12,2021,10,20,09,2021-09-10,20:12,1,一般国道（国道番号）,150,14,単路－その他,1,138.3011111,34.86025
2,負傷,21,車両相互,1,晴,22,夜－夜,18-21時,6,金,0,56,2021,29,20,10,2021-10-29,20:56,2,一般市町村道,3700,14,単路－その他,1,138.2874166,34.8533888
2,負傷,21,車両相互,1,晴,22,夜－夜,18-21時,6,金,0,35,2021,29,18,10,2021-10-29,18:35,3,一般国道（国道番号）,150,7,交差点付近－その他,1,138.2816388,34.8181944
2,負傷,21,車両相互,1,晴,22,夜－夜,18-21時,7,土,0,29,2021,24,19,04,2021-04-24,19:29,1,主要地方道－都道府県道,1030,1,交差点－その他,1,138.3152222,34.87325
2,負傷,21,車両相互,1,晴,22,夜－夜,18-21時,7,土,0,34,2021,10,19,04,2021-04-10,19:34,1,一般市町村道,3700,1,交差点－その他,1,138.3126944,34.8388611
2,負傷,21,車両相互,1,晴,22,夜－夜,21-24時,7,土,0,00,2021,29,21,05,2021-05-29,21:00,1,一般市町村道,3700,1,交差点－その他,1,138.3162777,34.8678055
2,負傷,21,車両相互,1,晴,22,夜－夜,18-21時,7,土,0,00,2021,13,20,11,2021-11-13,20:00,1,一般市町村道,3700,1,交差点－その他,1,138.3256944,34.8736944
2,負傷,21,車両相互,1,晴,22,夜－夜,21-24時,7,土,0,10,2021,11,22,09,2021-09-11,22:10,1,一般国道（国道番号）,150,14,単路－その他,1,138.2996944,34.84925
2,負傷,21,車両相互,1,晴,22,夜－夜,18-21時,7,土,0,30,2021,04,19,12,2021-12-04,19:30,1,一般市町村道,3700,14,単路－その他,1,138.2921388,34.8290555
2,負傷,21,車両相互,1,晴,22,夜－夜,21-24時,7,土,0,45,2021,02,21,01,2021-01-02,21:45,2,一般国道（国道番号）,150,1,交差点－その他,1,138.2736944,34.8114166
2,負傷,21,車両相互,1,晴,22,夜－夜,18-21時,7,土,0,25,2021,11,18,12,2021-12-11,18:25,2,一般都道府県道,2416,14,単路－その他,1,138.3272222,34.8774166
2,負傷,21,車両相互,1,晴,23,夜－明,3-6時,1,日,0,30,2021,18,04,07,2021-07-18,04:30,1,一般都道府県道,2227,1,交差点－その他,1,138.2716666,34.8195833
2,負傷,21,車両相互,1,晴,23,夜－明,3-6時,4,水,0,33,2021,21,04,07,2021-07-21,04:33,1,一般市町村道,3700,1,交差点－その他,1,138.3040277,34.8565833
2,負傷,21,車両相互,1,晴,23,夜－明,6-9時,4,水,0,50,2021,13,06,01,2021-01-13,06:50,1,一般都道府県道,2416,14,単路－その他,1,138.3178888,34.8492777
2,負傷,21,車両相互,1,晴,23,夜－明,6-9時,5,木,0,30,2021,09,06,12,2021-12-09,06:30,1,一般市町村道,3700,1,交差点－その他,1,138.3156388,34.8567777
2,負傷,21,車両相互,1,晴,23,夜－明,6-9時,6,金,0,35,2021,01,06,01,2021-01-01,06:35,1,主要地方道－都道府県道,1030,7,交差点付近－その他,1,138.31675,34.8676388
2,負傷,41,車両単独,1,晴,11,昼－明,6-9時,4,水,0,30,2021,24,06,03,2021-03-24,06:30,1,一般市町村道,3700,14,単路－その他,1,138.3106666,34.8315
2,負傷,41,車両単独,1,晴,12,昼－昼,12-15時,1,日,0,36,2021,28,14,02,2021-02-28,14:36,1,一般市町村道,3700,1,交差点－その他,1,138.31125,34.86325
2,負傷,41,車両単独,1,晴,12,昼－昼,15-18時,3,火,0,00,2021,06,15,04,2021-04-06,15:00,1,一般の交通の用に供するその他の道路,9900,0,一般交通の場所,1,138.3023055,34.7841666
2,負傷,41,車両単独,1,晴,12,昼－昼,12-15時,3,火,0,30,2021,11,13,05,2021-05-11,13:30,1,一般市町村道,3700,14,単路－その他,1,138.313,34.8304444
2,負傷,41,車両単独,1,晴,12,昼－昼,12-15時,5,木,0,15,2021,11,13,11,2021-11-11,13:15,1,一般市町村道,3700,7,交差点付近－その他,1,138.3241388,34.8238611
2,負傷,41,車両単独,1,晴,12,昼－昼,12-15時,5,木,0,15,2021,24,14,06,2021-06-24,14:15,6,主要地方道－都道府県道,1034,7,交差点付近－その他,1,138.2593888,34.8198055
2,負傷,41,車両単独,1,晴,13,昼－暮,15-18時,2,月,0,17,2021,20,16,12,2021-12-20,16:17,1,一般市町村道,3700,7,交差点付近－その他,1,138.2998055,34.8551388
2,負傷,41,車両単独,1,晴,13,昼－暮,15-18時,4,水,0,54,2021,14,17,04,2021-04-14,17:54,1,主要地方道－都道府県道,1033,14,単路－その他,1,138.2736944,34.8193888
2,負傷,41,車両単独,1,晴,13,昼－暮,15-18時,4,水,0,50,2021,10,15,11,2021-11-10,15:50,1,一般市町村道,3700,14,単路－その他,1,138.2711388,34.8177777
2,負傷,41,車両単独,1,晴,21,夜－暮,18-21時,2,月,0,25,2021,26,19,04,2021-04-26,19:25,1,一般市町村道,3700,7,交差点付近－その他,1,138.3253888,34.8285555
2,負傷,41,車両単独,1,晴,21,夜－暮,15-18時,5,木,0,45,2021,21,17,10,2021-10-21,17:45,1,一般国道（国道番号）,150,1,交差点－その他,1,138.2663611,34.8050833
2,負傷,41,車両単独,1,晴,21,夜－暮,15-18時,7,土,0,40,2021,09,17,01,2021-01-09,17:40,1,一般都道府県道,2222,14,単路－その他,1,138.28875,34.8623611
2,負傷,41,車両単独,1,晴,22,夜－夜,18-21時,1,日,0,48,2021,02,20,05,2021-05-02,20:48,1,一般市町村道,3700,12,単路－橋,1,138.3072777,34.8848333
2,負傷,41,車両単独,1,晴,22,夜－夜,21-24時,3,火,0,00,2021,27,21,07,2021-07-27,21:00,1,一般国道（国道番号）,150,14,単路－その他,1,138.31975,34.8820833
2,負傷,41,車両単独,1,晴,22,夜－夜,21-24時,6,金,0,15,2021,10,21,12,2021-12-10,21:15,1,一般都道府県道,2227,13,単路－カーブ・屈折,1,138.2898055,34.8030277
2,負傷,1,人対車両,2,曇,12,昼－昼,15-18時,1,日,0,30,2021,31,15,10,2021-10-31,15:30,1,一般の交通の用に供するその他の道路,9900,0,一般交通の場所,1,138.3098611,34.8390833
2,負傷,1,人対車両,2,曇,12,昼－昼,12-15時,3,火,0,50,2021,09,12,11,2021-11-09,12:50,1,一般の交通の用に供するその他の道路,9900,0,一般交通の場所,1,138.2903333,34.7870555
2,負傷,1,人対車両,2,曇,13,昼－暮,15-18時,2,月,0,30,2021,08,17,03,2021-03-08,17:30,1,一般の交通の用に供するその他の道路,9900,0,一般交通の場所,1,138.3139722,34.8626111
2,負傷,21,車両相互,2,曇,11,昼－明,6-9時,4,水,0,47,2021,13,06,10,2021-10-13,06:47,1,一般都道府県道,2416,7,交差点付近－その他,1,138.3193611,34.8632777
2,負傷,21,車両相互,2,曇,12,昼－昼,9-12時,1,日,0,00,2021,17,09,10,2021-10-17,09:00,1,一般市町村道,3700,1,交差点－その他,1,138.2986666,34.85825
2,負傷,21,車両相互,2,曇,12,昼－昼,15-18時,1,日,0,45,2021,04,15,07,2021-07-04,15:45,1,一般市町村道,3700,7,交差点付近－その他,1,138.315,34.8430277
2,負傷,21,車両相互,2,曇,12,昼－昼,9-12時,1,日,0,34,2021,16,11,05,2021-05-16,11:34,1,一般国道（国道番号）,150,14,単路－その他,1,138.3216666,34.8834166
2,負傷,21,車両相互,2,曇,12,昼－昼,12-15時,1,日,0,03,2021,27,12,06,2021-06-27,12:03,1,一般国道（国道番号）,150,14,単路－その他,1,138.2995277,34.8701388
2,負傷,21,車両相互,2,曇,12,昼－昼,9-12時,1,日,0,33,2021,27,09,06,2021-06-27,09:33,1,一般市町村道,3700,14,単路－その他,1,138.3056388,34.8785833
2,負傷,21,車両相互,2,曇,12,昼－昼,9-12時,1,日,0,56,2021,17,10,10,2021-10-17,10:56,2,一般の交通の用に供するその他の道路,9900,0,一般交通の場所,1,138.3181111,34.8455
2,負傷,21,車両相互,2,曇,12,昼－昼,12-15時,1,日,0,56,2021,21,13,11,2021-11-21,13:56,2,一般国道（国道番号）,150,1,交差点－その他,1,138.3006666,34.8334722
2,負傷,21,車両相互,2,曇,12,昼－昼,6-9時,2,月,0,23,2021,07,06,06,2021-06-07,06:23,1,主要地方道－都道府県道,1081,1,交差点－その他,1,138.2986388,34.8836111
2,負傷,21,車両相互,2,曇,12,昼－昼,12-15時,2,月,0,15,2021,12,13,07,2021-07-12,13:15,1,一般都道府県道,2416,1,交差点－その他,1,138.3173055,34.8545555
2,負傷,21,車両相互,2,曇,12,昼－昼,15-18時,2,月,0,18,2021,14,16,06,2021-06-14,16:18,1,一般国道（国道番号）,150,7,交差点付近－その他,1,138.2715277,34.8094722
2,負傷,21,車両相互,2,曇,12,昼－昼,15-18時,2,月,0,18,2021,14,17,06,2021-06-14,17:18,1,一般都道府県道,2224,14,単路－その他,1,138.2888055,34.8526111
2,負傷,21,車両相互,2,曇,12,昼－昼,15-18時,2,月,0,49,2021,23,16,08,2021-08-23,16:49,1,一般市町村道,3700,14,単路－その他,1,138.2986944,34.8484166
2,負傷,21,車両相互,2,曇,12,昼－昼,6-9時,2,月,0,05,2021,06,08,12,2021-12-06,08:05,1,一般市町村道,3700,14,単路－その他,1,138.3113333,34.8730277
2,負傷,21,車両相互,2,曇,12,昼－昼,12-15時,2,月,0,06,2021,05,13,07,2021-07-05,13:06,2,一般市町村道,3700,7,交差点付近－その他,1,138.2963888,34.7911388
2,負傷,21,車両相互,2,曇,12,昼－昼,9-12時,2,月,0,59,2021,08,09,03,2021-03-08,09:59,3,一般都道府県道,2213,1,交差点－その他,1,138.3132777,34.8831666
2,負傷,21,車両相互,2,曇,12,昼－昼,9-12時,3,火,0,50,2021,18,11,05,2021-05-18,11:50,1,主要地方道－都道府県道,1081,1,交差点－その他,1,138.3050555,34.881
2,負傷,21,車両相互,2,曇,12,昼－昼,6-9時,3,火,0,24,2021,11,07,05,2021-05-11,07:24,1,一般市町村道,3700,1,交差点－その他,1,138.3161388,34.8763611
2,負傷,21,車両相互,2,曇,12,昼－昼,6-9時,3,火,0,15,2021,22,07,06,2021-06-22,07:15,1,一般市町村道,3700,1,交差点－その他,1,138.3290555,34.8800277
2,負傷,21,車両相互,2,曇,12,昼－昼,6-9時,3,火,0,07,2021,29,08,06,2021-06-29,08:07,1,一般市町村道,3700,1,交差点－その他,1,138.3171111,34.8738055
2,負傷,21,車両相互,2,曇,12,昼－昼,6-9時,3,火,0,36,2021,14,07,09,2021-09-14,07:36,1,一般市町村道,3700,1,交差点－その他,1,138.2809166,34.8545
2,負傷,21,車両相互,2,曇,12,昼－昼,9-12時,3,火,0,22,2021,07,09,12,2021-12-07,09:22,1,一般国道（国道番号）,150,7,交差点付近－その他,1,138.286,34.8218888
2,負傷,21,車両相互,2,曇,12,昼－昼,6-9時,3,火,0,15,2021,14,07,09,2021-09-14,07:15,1,主要地方道－都道府県道,1030,14,単路－その他,1,138.3022777,34.8710555
2,負傷,21,車両相互,2,曇,12,昼－昼,15-18時,4,水,0,00,2021,17,15,02,2021-02-17,15:00,1,一般国道（国道番号）,150,7,交差点付近－その他,1,138.32175,34.8834722
2,負傷,21,車両相互,2,曇,12,昼－昼,6-9時,4,水,0,00,2021,02,06,06,2021-06-02,06:00,1,一般国道（国道番号）,150,7,交差点付近－その他,1,138.2719722,34.8098333
2,負傷,21,車両相互,2,曇,12,昼－昼,12-15時,4,水,0,40,2021,11,14,08,2021-08-11,14:40,1,一般市町村道,3700,7,交差点付近－その他,1,138.3112777,34.8546666
2,負傷,21,車両相互,2,曇,12,昼－昼,6-9時,4,水,0,50,2021,28,06,04,2021-04-28,06:50,3,一般市町村道,3700,1,交差点－その他,1,138.30425,34.7930555
2,負傷,21,車両相互,2,曇,12,昼－昼,9-12時,5,木,0,29,2021,02,10,09,2021-09-02,10:29,1,一般の交通の用に供するその他の道路,9900,0,一般交通の場所,1,138.2890277,34.7876388
2,負傷,21,車両相互,2,曇,12,昼－昼,15-18時,5,木,0,45,2021,03,17,06,2021-06-03,17:45,1,一般市町村道,3700,1,交差点－その他,1,138.3218611,34.8681388
2,負傷,21,車両相互,2,曇,12,昼－昼,6-9時,5,木,0,36,2021,15,06,07,2021-07-15,06:36,1,一般市町村道,3700,7,交差点付近－その他,1,138.2882222,34.8680555
2,負傷,21,車両相互,2,曇,12,昼－昼,12-15時,5,木,0,18,2021,09,12,09,2021-09-09,12:18,1,一般市町村道,3700,7,交差点付近－その他,1,138.3128888,34.8600277
2,負傷,21,車両相互,2,曇,12,昼－昼,9-12時,5,木,0,45,2021,15,10,04,2021-04-15,10:45,1,一般市町村道,3700,14,単路－その他,1,138.3136666,34.8615833
2,負傷,21,車両相互,2,曇,12,昼－昼,6-9時,6,金,0,24,2021,05,07,03,2021-03-05,07:24,1,一般の交通の用に供するその他の道路,9900,0,一般交通の場所,1,138.2818888,34.8653888
2,負傷,21,車両相互,2,曇,12,昼－昼,6-9時,6,金,0,30,2021,12,08,02,2021-02-12,08:30,1,一般市町村道,3700,1,交差点－その他,1,138.2852777,34.8315
2,負傷,21,車両相互,2,曇,12,昼－昼,15-18時,6,金,0,45,2021,09,16,07,2021-07-09,16:45,1,一般国道（国道番号）,150,1,交差点－その他,1,138.2958888,34.8263888
2,負傷,21,車両相互,2,曇,12,昼－昼,6-9時,6,金,0,36,2021,07,07,05,2021-05-07,07:36,1,一般市町村道,3700,7,交差点付近－その他,1,138.2944166,34.8624166
2,負傷,21,車両相互,2,曇,12,昼－昼,6-9時,6,金,0,10,2021,09,07,07,2021-07-09,07:10,1,一般市町村道,3700,7,交差点付近－その他,1,138.3133611,34.87275
2,負傷,21,車両相互,2,曇,12,昼－昼,6-9時,6,金,0,19,2021,12,07,03,2021-03-12,07:19,1,一般国道（国道番号）,150,14,単路－その他,1,138.2840555,34.8203888
2,負傷,21,車両相互,2,曇,12,昼－昼,15-18時,6,金,0,50,2021,04,17,06,2021-06-04,17:50,1,一般国道（国道番号）,150,14,単路－その他,1,138.3358055,34.8975833
2,負傷,21,車両相互,2,曇,12,昼－昼,6-9時,6,金,0,15,2021,16,08,07,2021-07-16,08:15,1,一般市町村道,3700,14,単路－その他,1,138.3143888,34.8430277
2,負傷,21,車両相互,2,曇,12,昼－昼,15-18時,6,金,0,15,2021,20,15,08,2021-08-20,15:15,2,一般都道府県道,2226,1,交差点－その他,1,138.2932222,34.8425277
2,負傷,21,車両相互,2,曇,12,昼－昼,12-15時,7,土,0,18,2021,16,13,01,2021-01-16,13:18,1,一般市町村道,3700,1,交差点－その他,1,138.2938055,34.8548333
2,負傷,21,車両相互,2,曇,12,昼－昼,6-9時,7,土,0,36,2021,29,07,05,2021-05-29,07:36,1,一般市町村道,3700,1,交差点－その他,1,138.2804444,34.8370555
2,負傷,21,車両相互,2,曇,12,昼－昼,12-15時,7,土,0,00,2021,14,13,08,2021-08-14,13:00,1,一般市町村道,3700,1,交差点－その他,1,138.3158333,34.8233055
2,負傷,21,車両相互,2,曇,12,昼－昼,9-12時,7,土,0,00,2021,03,09,04,2021-04-03,09:00,1,一般市町村道,3700,7,交差点付近－その他,1,138.2882777,34.8222222
2,負傷,21,車両相互,2,曇,12,昼－昼,12-15時,7,土,0,50,2021,03,14,07,2021-07-03,14:50,1,一般市町村道,3700,14,単路－その他,1,138.2983611,34.8686388
2,負傷,21,車両相互,2,曇,12,昼－昼,9-12時,7,土,0,08,2021,11,10,09,2021-09-11,10:08,1,一般市町村道,3700,14,単路－その他,1,138.3020555,34.8595
2,負傷,21,車両相互,2,曇,12,昼－昼,6-9時,7,土,0,38,2021,21,08,08,2021-08-21,08:38,2,一般の交通の用に供するその他の道路,9900,0,一般交通の場所,1,138.3221666,34.8486388
2,負傷,21,車両相互,2,曇,12,昼－昼,12-15時,7,土,0,52,2021,16,13,10,2021-10-16,13:52,2,一般市町村道,3700,1,交差点－その他,1,138.3216111,34.8295
2,負傷,21,車両相互,2,曇,12,昼－昼,9-12時,7,土,0,28,2021,03,11,07,2021-07-03,11:28,2,一般国道（国道番号）,150,14,単路－その他,1,138.3005833,34.8648055
2,負傷,21,車両相互,2,曇,12,昼－昼,6-9時,7,土,0,54,2021,06,08,11,2021-11-06,08:54,3,主要地方道－都道府県道,1031,14,単路－その他,1,138.2855277,34.7821944
2,負傷,21,車両相互,2,曇,13,昼－暮,15-18時,1,日,0,44,2021,21,15,11,2021-11-21,15:44,1,主要地方道－都道府県道,1030,1,交差点－その他,1,138.3196388,34.8668055
2,負傷,21,車両相互,2,曇,13,昼－暮,15-18時,2,月,0,18,2021,01,17,03,2021-03-01,17:18,1,一般国道（国道番号）,150,7,交差点付近－その他,1,138.3026111,34.8247777
2,負傷,21,車両相互,2,曇,13,昼－暮,18-21時,4,水,0,29,2021,30,18,06,2021-06-30,18:29,1,一般国道（国道番号）,150,1,交差点－その他,1,138.2998611,34.8541111
2,負傷,21,車両相互,2,曇,13,昼－暮,18-21時,4,水,0,00,2021,26,18,05,2021-05-26,18:00,1,一般市町村道,3700,14,単路－その他,1,138.3241944,34.8415555
2,負傷,21,車両相互,2,曇,13,昼－暮,15-18時,4,水,0,48,2021,19,17,05,2021-05-19,17:48,2,一般市町村道,3700,7,交差点付近－その他,1,138.3070277,34.865
2,負傷,21,車両相互,2,曇,13,昼－暮,15-18時,5,木,0,20,2021,30,17,09,2021-09-30,17:20,1,一般都道府県道,2224,7,交差点付近－その他,1,138.2945833,34.8405833
2,負傷,21,車両相互,2,曇,13,昼－暮,15-18時,5,木,0,35,2021,25,17,03,2021-03-25,17:35,1,一般国道（国道番号）,150,14,単路－その他,1,138.2656388,34.80425
2,負傷,21,車両相互,2,曇,21,夜－暮,18-21時,1,日,0,28,2021,05,18,09,2021-09-05,18:28,1,一般市町村道,3700,7,交差点付近－その他,1,138.3081666,34.8479722
2,負傷,21,車両相互,2,曇,21,夜－暮,15-18時,1,日,0,45,2021,21,16,11,2021-11-21,16:45,1,一般市町村道,3700,7,交差点付近－その他,1,138.3079166,34.8420555
2,負傷,21,車両相互,2,曇,21,夜－暮,18-21時,1,日,0,36,2021,07,18,03,2021-03-07,18:36,1,一般都道府県道,2222,14,単路－その他,1,138.2811666,34.8609166
2,負傷,21,車両相互,2,曇,21,夜－暮,18-21時,2,月,0,15,2021,05,18,04,2021-04-05,18:15,1,一般市町村道,3700,1,交差点－その他,1,138.3127222,34.8388333
2,負傷,21,車両相互,2,曇,21,夜－暮,18-21時,2,月,0,25,2021,23,18,08,2021-08-23,18:25,1,主要地方道－都道府県道,1031,7,交差点付近－その他,1,138.3178333,34.8366388
2,負傷,21,車両相互,2,曇,21,夜－暮,18-21時,4,水,0,44,2021,14,19,07,2021-07-14,19:44,1,一般市町村道,3700,1,交差点－その他,1,138.3066944,34.8702777
2,負傷,21,車両相互,2,曇,21,夜－暮,15-18時,5,木,0,55,2021,28,17,01,2021-01-28,17:55,1,一般市町村道,3700,14,単路－その他,1,138.2872777,34.8533611
2,負傷,21,車両相互,2,曇,21,夜－暮,18-21時,6,金,0,19,2021,27,19,08,2021-08-27,19:19,1,一般国道（国道番号）,150,14,単路－その他,1,138.3,34.8450555
2,負傷,21,車両相互,2,曇,21,夜－暮,18-21時,6,金,0,14,2021,01,18,10,2021-10-01,18:14,2,一般国道（国道番号）,150,14,単路－その他,1,138.2939166,34.7885
2,負傷,21,車両相互,2,曇,22,夜－夜,21-24時,1,日,0,35,2021,07,21,03,2021-03-07,21:35,1,一般都道府県道,2213,1,交差点－その他,1,138.3156944,34.8765555
2,負傷,21,車両相互,2,曇,22,夜－夜,21-24時,1,日,0,30,2021,05,21,09,2021-09-05,21:30,1,一般市町村道,3700,7,交差点付近－その他,1,138.3067777,34.8688333
2,負傷,21,車両相互,2,曇,22,夜－夜,18-21時,2,月,0,08,2021,02,20,08,2021-08-02,20:08,1,一般市町村道,3700,1,交差点－その他,1,138.3113055,34.8702777
2,負傷,21,車両相互,2,曇,22,夜－夜,21-24時,2,月,0,12,2021,02,23,08,2021-08-02,23:12,1,一般市町村道,3700,14,単路－その他,1,138.2993055,34.8366111
2,負傷,21,車両相互,2,曇,22,夜－夜,18-21時,2,月,0,34,2021,22,18,11,2021-11-22,18:34,3,一般国道（国道番号）,150,7,交差点付近－その他,1,138.33425,34.8957222
2,負傷,21,車両相互,2,曇,22,夜－夜,18-21時,3,火,0,16,2021,30,18,11,2021-11-30,18:16,1,一般都道府県道,2213,1,交差点－その他,1,138.31325,34.8831388
2,負傷,21,車両相互,2,曇,22,夜－夜,18-21時,3,火,0,43,2021,30,18,11,2021-11-30,18:43,2,一般市町村道,3700,1,交差点－その他,1,138.2687777,34.8111111
2,負傷,21,車両相互,2,曇,22,夜－夜,3-6時,4,水,0,05,2021,06,04,10,2021-10-06,04:05,1,一般の交通の用に供するその他の道路,9900,0,一般交通の場所,1,138.3156111,34.8800277
2,負傷,21,車両相互,2,曇,22,夜－夜,18-21時,5,木,0,09,2021,25,19,03,2021-03-25,19:09,1,一般市町村道,3700,14,単路－その他,1,138.3071111,34.8631944
2,負傷,21,車両相互,2,曇,22,夜－夜,18-21時,6,金,0,00,2021,19,18,11,2021-11-19,18:00,1,主要地方道－都道府県道,1030,7,交差点付近－その他,1,138.3024166,34.871
2,負傷,21,車両相互,2,曇,22,夜－夜,18-21時,6,金,0,40,2021,16,20,04,2021-04-16,20:40,1,一般市町村道,3700,14,単路－その他,1,138.30225,34.8360555
2,負傷,21,車両相互,2,曇,22,夜－夜,18-21時,7,土,0,05,2021,23,18,10,2021-10-23,18:05,1,一般市町村道,3700,1,交差点－その他,1,138.303,34.8705833
2,負傷,21,車両相互,2,曇,23,夜－明,6-9時,4,水,0,17,2021,01,06,12,2021-12-01,06:17,1,一般国道（国道番号）,150,14,単路－その他,1,138.3008333,34.8311111
2,負傷,1,人対車両,3,雨,12,昼－昼,12-15時,2,月,0,29,2021,22,14,11,2021-11-22,14:29,1,一般都道府県道,2222,1,交差点－その他,1,138.2828611,34.8611111
2,負傷,1,人対車両,3,雨,12,昼－昼,6-9時,5,木,0,45,2021,01,08,07,2021-07-01,08:45,1,一般市町村道,3700,1,交差点－その他,1,138.3072222,34.8378055
2,負傷,1,人対車両,3,雨,12,昼－昼,12-15時,6,金,0,51,2021,26,12,02,2021-02-26,12:51,1,主要地方道－都道府県道,1030,1,交差点－その他,1,138.30675,34.8704444
2,負傷,1,人対車両,3,雨,12,昼－昼,9-12時,7,土,0,05,2021,19,11,06,2021-06-19,11:05,1,一般市町村道,3700,14,単路－その他,1,138.3059166,34.8626111
2,負傷,1,人対車両,3,雨,21,夜－暮,15-18時,2,月,0,30,2021,06,17,12,2021-12-06,17:30,1,一般都道府県道,2222,1,交差点－その他,1,138.2870555,34.8619722
2,負傷,1,人対車両,3,雨,22,夜－夜,18-21時,5,木,0,26,2021,24,20,06,2021-06-24,20:26,1,主要地方道－都道府県道,1081,1,交差点－その他,1,138.3135,34.8728055
2,負傷,1,人対車両,3,雨,22,夜－夜,21-24時,6,金,0,35,2021,17,21,09,2021-09-17,21:35,1,一般都道府県道,2222,1,交差点－その他,1,138.2870555,34.8620277
2,負傷,21,車両相互,3,雨,11,昼－明,3-6時,2,月,0,36,2021,17,05,05,2021-05-17,05:36,1,一般市町村道,3700,31,交差点－環状交差点,1,138.3009444,34.8920555
2,負傷,21,車両相互,3,雨,11,昼－明,6-9時,3,火,0,48,2021,02,06,02,2021-02-02,06:48,1,主要地方道－都道府県道,1081,7,交差点付近－その他,1,138.3021388,34.8818333
2,負傷,21,車両相互,3,雨,11,昼－明,6-9時,5,木,0,12,2021,28,07,01,2021-01-28,07:12,1,主要地方道－都道府県道,1030,7,交差点付近－その他,1,138.2888888,34.8713055
2,負傷,21,車両相互,3,雨,12,昼－昼,15-18時,1,日,0,42,2021,12,16,09,2021-09-12,16:42,1,一般市町村道,3700,1,交差点－その他,1,138.2973888,34.8789166
2,負傷,21,車両相互,3,雨,12,昼－昼,9-12時,1,日,0,43,2021,06,09,06,2021-06-06,09:43,2,一般国道（国道番号）,150,14,単路－その他,1,138.3079722,34.8783055
2,負傷,21,車両相互,3,雨,12,昼－昼,15-18時,1,日,0,20,2021,04,16,04,2021-04-04,16:20,5,一般市町村道,3700,1,交差点－その他,1,138.2732222,34.8138055
2,負傷,21,車両相互,3,雨,12,昼－昼,9-12時,2,月,0,10,2021,16,09,08,2021-08-16,09:10,1,一般の交通の用に供するその他の道路,9900,0,一般交通の場所,1,138.3200833,34.8655277
2,負傷,21,車両相互,3,雨,12,昼－昼,12-15時,2,月,0,29,2021,15,13,02,2021-02-15,13:29,1,一般市町村道,3700,1,交差点－その他,1,138.3184722,34.8149444
2,負傷,21,車両相互,3,雨,12,昼－昼,15-18時,2,月,0,54,2021,05,15,04,2021-04-05,15:54,1,主要地方道－都道府県道,1031,1,交差点－その他,1,138.2903611,34.7868333
2,負傷,21,車両相互,3,雨,12,昼－昼,6-9時,2,月,0,22,2021,17,07,05,2021-05-17,07:22,1,一般市町村道,3700,1,交差点－その他,1,138.3056388,34.84875
2,負傷,21,車両相互,3,雨,12,昼－昼,12-15時,2,月,0,17,2021,09,14,08,2021-08-09,14:17,1,一般市町村道,3700,1,交差点－その他,1,138.3256666,34.8345833
2,負傷,21,車両相互,3,雨,12,昼－昼,6-9時,2,月,0,45,2021,25,07,10,2021-10-25,07:45,1,一般都道府県道,2226,1,交差点－その他,1,138.28125,34.8409722
2,負傷,21,車両相互,3,雨,12,昼－昼,9-12時,2,月,0,43,2021,22,09,11,2021-11-22,09:43,1,一般市町村道,3700,1,交差点－その他,1,138.3081388,34.7981944
2,負傷,21,車両相互,3,雨,12,昼－昼,9-12時,2,月,0,50,2021,15,09,02,2021-02-15,09:50,1,一般国道（国道番号）,150,7,交差点付近－その他,1,138.2996944,34.8468611
2,負傷,21,車両相互,3,雨,12,昼－昼,9-12時,2,月,0,59,2021,15,11,02,2021-02-15,11:59,2,一般市町村道,3700,1,交差点－その他,1,138.3251944,34.8645833
2,負傷,21,車両相互,3,雨,12,昼－昼,12-15時,3,火,0,00,2021,14,12,09,2021-09-14,12:00,1,一般市町村道,3700,1,交差点－その他,1,138.3112777,34.8387777
2,負傷,21,車両相互,3,雨,12,昼－昼,12-15時,3,火,0,50,2021,14,12,09,2021-09-14,12:50,1,一般国道（国道番号）,150,7,交差点付近－その他,1,138.2997222,34.8540277
2,負傷,21,車両相互,3,雨,12,昼－昼,12-15時,3,火,0,44,2021,26,14,01,2021-01-26,14:44,1,一般都道府県道,2224,14,単路－その他,1,138.2881944,34.8589166
2,負傷,21,車両相互,3,雨,12,昼－昼,12-15時,3,火,0,35,2021,07,14,12,2021-12-07,14:35,1,一般市町村道,3700,14,単路－その他,1,138.3148055,34.8590277
2,負傷,21,車両相互,3,雨,12,昼－昼,6-9時,3,火,0,58,2021,07,07,12,2021-12-07,07:58,2,一般市町村道,3700,1,交差点－その他,1,138.3083888,34.8017222
2,負傷,21,車両相互,3,雨,12,昼－昼,6-9時,4,水,0,43,2021,14,07,04,2021-04-14,07:43,1,一般国道（国道番号）,150,1,交差点－その他,1,138.2699166,34.8079444
2,負傷,21,車両相互,3,雨,12,昼－昼,6-9時,4,水,0,20,2021,30,06,06,2021-06-30,06:20,1,一般市町村道,3700,1,交差点－その他,1,138.3225,34.8646388
2,負傷,21,車両相互,3,雨,12,昼－昼,15-18時,4,水,0,55,2021,16,16,06,2021-06-16,16:55,1,一般市町村道,3700,1,交差点－その他,1,138.2622777,34.8190555
2,負傷,21,車両相互,3,雨,12,昼－昼,9-12時,4,水,0,50,2021,16,11,06,2021-06-16,11:50,1,主要地方道－都道府県道,1030,7,交差点付近－その他,1,138.3109444,34.8721388
2,負傷,21,車両相互,3,雨,12,昼－昼,6-9時,4,水,0,42,2021,22,07,09,2021-09-22,07:42,1,一般国道（国道番号）,150,7,交差点付近－その他,1,138.3006944,34.8323888
2,負傷,21,車両相互,3,雨,12,昼－昼,6-9時,4,水,0,35,2021,14,08,04,2021-04-14,08:35,1,一般都道府県道,2416,14,単路－その他,1,138.3185277,34.8600833
2,負傷,21,車両相互,3,雨,12,昼－昼,12-15時,4,水,0,48,2021,19,12,05,2021-05-19,12:48,2,一般国道（国道番号）,150,1,交差点－その他,1,138.303,34.7984444
2,負傷,21,車両相互,3,雨,12,昼－昼,12-15時,4,水,0,15,2021,13,12,10,2021-10-13,12:15,2,一般国道（国道番号）,150,14,単路－その他,1,138.3346944,34.8963333
2,負傷,21,車両相互,3,雨,12,昼－昼,6-9時,5,木,0,55,2021,28,07,01,2021-01-28,07:55,1,一般市町村道,3700,1,交差点－その他,1,138.3139444,34.8078333
2,負傷,21,車両相互,3,雨,12,昼－昼,6-9時,5,木,0,50,2021,27,07,05,2021-05-27,07:50,1,一般市町村道,3700,1,交差点－その他,1,138.2993888,34.8355277
2,負傷,21,車両相互,3,雨,12,昼－昼,12-15時,5,木,0,10,2021,20,14,05,2021-05-20,14:10,1,一般市町村道,3700,1,交差点－その他,1,138.2852777,34.8036388
2,負傷,21,車両相互,3,雨,12,昼－昼,6-9時,5,木,0,46,2021,01,08,07,2021-07-01,08:46,1,一般市町村道,3700,1,交差点－その他,1,138.3185,34.8626944
2,負傷,21,車両相互,3,雨,12,昼－昼,6-9時,5,木,0,30,2021,29,07,04,2021-04-29,07:30,1,一般市町村道,3700,7,交差点付近－その他,1,138.3097777,34.8605
2,負傷,21,車両相互,3,雨,12,昼－昼,9-12時,5,木,0,17,2021,09,11,09,2021-09-09,11:17,1,一般市町村道,3700,7,交差点付近－その他,1,138.3175,34.8375
2,負傷,21,車両相互,3,雨,12,昼－昼,12-15時,5,木,0,26,2021,02,12,09,2021-09-02,12:26,2,一般都道府県道,2416,1,交差点－その他,1,138.3114722,34.83725
2,負傷,21,車両相互,3,雨,12,昼－昼,6-9時,5,木,0,15,2021,01,08,07,2021-07-01,08:15,2,一般国道（国道番号）,150,14,単路－その他,1,138.3005277,34.8659444
2,負傷,21,車両相互,3,雨,12,昼－昼,9-12時,5,木,0,33,2021,28,10,01,2021-01-28,10:33,3,主要地方道－都道府県道,1031,1,交差点－その他,1,138.3181944,34.8304722
2,負傷,21,車両相互,3,雨,12,昼－昼,15-18時,5,木,0,45,2021,17,15,06,2021-06-17,15:45,3,一般市町村道,3700,1,交差点－その他,1,138.278,34.8049444
2,負傷,21,車両相互,3,雨,12,昼－昼,6-9時,6,金,0,42,2021,21,06,05,2021-05-21,06:42,1,一般都道府県道,2227,1,交差点－その他,1,138.27325,34.8191388
2,負傷,21,車両相互,3,雨,12,昼－昼,6-9時,6,金,0,35,2021,04,07,06,2021-06-04,07:35,1,一般市町村道,3700,1,交差点－その他,1,138.2676666,34.8039166
2,負傷,21,車両相互,3,雨,12,昼－昼,6-9時,6,金,0,10,2021,04,08,06,2021-06-04,08:10,1,一般市町村道,3700,1,交差点－その他,1,138.3179444,34.8711388
2,負傷,21,車両相互,3,雨,12,昼－昼,15-18時,6,金,0,28,2021,13,17,08,2021-08-13,17:28,1,一般都道府県道,2416,1,交差点－その他,1,138.3294722,34.8794444
2,負傷,21,車両相互,3,雨,12,昼－昼,9-12時,6,金,0,05,2021,20,09,08,2021-08-20,09:05,1,一般市町村道,3700,1,交差点－その他,1,138.3134444,34.8683055
2,負傷,21,車両相互,3,雨,12,昼－昼,12-15時,6,金,0,43,2021,07,14,05,2021-05-07,14:43,1,一般国道（国道番号）,150,7,交差点付近－その他,1,138.2995555,34.8701388
2,負傷,21,車両相互,3,雨,12,昼－昼,9-12時,6,金,0,38,2021,21,09,05,2021-05-21,09:38,1,一般都道府県道,2222,7,交差点付近－その他,1,138.2824722,34.8612222
2,負傷,21,車両相互,3,雨,12,昼－昼,9-12時,6,金,0,13,2021,04,10,06,2021-06-04,10:13,1,主要地方道－都道府県道,1081,7,交差点付近－その他,1,138.3047777,34.8810833
2,負傷,21,車両相互,3,雨,12,昼－昼,15-18時,6,金,0,34,2021,09,16,07,2021-07-09,16:34,1,一般国道（国道番号）,150,7,交差点付近－その他,1,138.3175277,34.8806388
2,負傷,21,車両相互,3,雨,12,昼－昼,6-9時,6,金,0,30,2021,21,08,05,2021-05-21,08:30,1,一般市町村道,3700,14,単路－その他,1,138.3130555,34.8700833
2,負傷,21,車両相互,3,雨,12,昼－昼,9-12時,6,金,0,32,2021,20,11,08,2021-08-20,11:32,1,一般市町村道,3700,14,単路－その他,1,138.2673888,34.8097222
2,負傷,21,車両相互,3,雨,12,昼－昼,12-15時,6,金,0,35,2021,26,14,02,2021-02-26,14:35,2,一般市町村道,3700,1,交差点－その他,1,138.2956111,34.8499166
2,負傷,21,車両相互,3,雨,12,昼－昼,9-12時,7,土,0,49,2021,16,11,10,2021-10-16,11:49,1,一般市町村道,3700,1,交差点－その他,1,138.289,34.8653333
2,負傷,21,車両相互,3,雨,12,昼－昼,12-15時,7,土,0,53,2021,13,12,03,2021-03-13,12:53,1,一般国道（国道番号）,150,14,単路－その他,1,138.3148611,34.8800555
2,負傷,21,車両相互,3,雨,12,昼－昼,9-12時,7,土,0,20,2021,19,11,06,2021-06-19,11:20,1,一般市町村道,3700,14,単路－その他,1,138.3109444,34.8598611
2,負傷,21,車両相互,3,雨,12,昼－昼,9-12時,7,土,0,04,2021,23,11,01,2021-01-23,11:04,2,一般市町村道,3700,1,交差点－その他,1,138.2937777,34.8286388
2,負傷,21,車両相互,3,雨,12,昼－昼,9-12時,7,土,0,03,2021,14,10,08,2021-08-14,10:03,2,一般市町村道,3700,1,交差点－その他,1,138.28425,34.8467777
2,負傷,21,車両相互,3,雨,12,昼－昼,6-9時,7,土,0,41,2021,13,08,03,2021-03-13,08:41,2,一般国道（国道番号）,150,7,交差点付近－その他,1,138.3213333,34.8831388
2,負傷,21,車両相互,3,雨,12,昼－昼,12-15時,7,土,0,40,2021,19,14,06,2021-06-19,14:40,2,一般市町村道,3700,7,交差点付近－その他,1,138.3162222,34.8675
2,負傷,21,車両相互,3,雨,12,昼－昼,6-9時,7,土,0,27,2021,03,07,07,2021-07-03,07:27,2,一般国道（国道番号）,150,14,単路－その他,1,138.3230555,34.8846666
2,負傷,21,車両相互,3,雨,13,昼－暮,18-21時,3,火,0,09,2021,13,18,04,2021-04-13,18:09,1,一般市町村道,3700,7,交差点付近－その他,1,138.3253888,34.8281111
2,負傷,21,車両相互,3,雨,21,夜－暮,18-21時,4,水,0,07,2021,22,18,09,2021-09-22,18:07,1,一般市町村道,3700,1,交差点－その他,1,138.3121666,34.8561944
2,負傷,21,車両相互,3,雨,21,夜－暮,18-21時,4,水,0,25,2021,16,19,06,2021-06-16,19:25,2,主要地方道－都道府県道,1033,7,交差点付近－その他,1,138.2771111,34.8176111
2,負傷,21,車両相互,3,雨,21,夜－暮,18-21時,5,木,0,18,2021,12,19,08,2021-08-12,19:18,1,一般国道（国道番号）,150,7,交差点付近－その他,1,138.3213611,34.8831666
2,負傷,21,車両相互,3,雨,21,夜－暮,18-21時,5,木,0,02,2021,02,19,09,2021-09-02,19:02,1,一般市町村道,3700,14,単路－その他,1,138.2984722,34.8685833
2,負傷,21,車両相互,3,雨,21,夜－暮,18-21時,5,木,0,30,2021,20,19,05,2021-05-20,19:30,2,一般市町村道,3700,14,単路－その他,1,138.2828333,34.8645555
2,負傷,21,車両相互,3,雨,21,夜－暮,18-21時,6,金,0,15,2021,05,18,03,2021-03-05,18:15,1,一般市町村道,3700,1,交差点－その他,1,138.2591111,34.8050833
2,負傷,21,車両相互,3,雨,21,夜－暮,15-18時,7,土,0,40,2021,23,17,01,2021-01-23,17:40,1,一般市町村道,3700,1,交差点－その他,1,138.2964444,34.8539444
2,負傷,21,車両相互,3,雨,22,夜－夜,21-24時,1,日,0,43,2021,04,21,07,2021-07-04,21:43,1,一般市町村道,3700,7,交差点付近－その他,1,138.3031388,34.8784722
2,負傷,21,車両相互,3,雨,22,夜－夜,15-18時,2,月,0,57,2021,22,17,11,2021-11-22,17:57,1,一般国道（国道番号）,150,14,単路－その他,1,138.2726388,34.8104722
2,負傷,21,車両相互,3,雨,22,夜－夜,15-18時,2,月,0,48,2021,22,17,11,2021-11-22,17:48,1,一般市町村道,3700,14,単路－その他,1,138.2831388,34.8588611
2,負傷,21,車両相互,3,雨,22,夜－夜,18-21時,3,火,0,05,2021,18,20,05,2021-05-18,20:05,2,主要地方道－都道府県道,1034,14,単路－その他,1,138.24625,34.8085
2,負傷,21,車両相互,3,雨,22,夜－夜,18-21時,4,水,0,28,2021,13,20,10,2021-10-13,20:28,3,一般市町村道,3700,1,交差点－その他,1,138.2924444,34.8673611
2,負傷,21,車両相互,3,雨,22,夜－夜,18-21時,5,木,0,30,2021,07,20,10,2021-10-07,20:30,1,一般市町村道,3700,1,交差点－その他,1,138.3125555,34.8595
2,負傷,21,車両相互,3,雨,22,夜－夜,18-21時,5,木,0,43,2021,01,20,07,2021-07-01,20:43,2,一般国道（国道番号）,150,1,交差点－その他,1,138.3003611,34.8365555
2,負傷,21,車両相互,3,雨,22,夜－夜,18-21時,6,金,0,00,2021,17,20,09,2021-09-17,20:00,1,一般市町村道,3700,1,交差点－その他,1,138.3235,34.8401666
2,負傷,21,車両相互,3,雨,22,夜－夜,21-24時,7,土,0,43,2021,23,22,01,2021-01-23,22:43,1,一般国道（国道番号）,150,7,交差点付近－その他,1,138.2995277,34.8701944
2,負傷,21,車両相互,3,雨,22,夜－夜,18-21時,7,土,0,30,2021,06,20,11,2021-11-06,20:30,1,一般市町村道,3700,7,交差点付近－その他,1,138.3125555,34.8592777
2,負傷,21,車両相互,3,雨,23,夜－明,3-6時,3,火,0,35,2021,26,05,10,2021-10-26,05:35,1,一般市町村道,3700,7,交差点付近－その他,1,138.3044722,34.8803055
2,負傷,41,車両単独,3,雨,12,昼－昼,9-12時,3,火,0,00,2021,29,09,06,2021-06-29,09:00,1,一般市町村道,3700,14,単路－その他,1,138.3289444,34.8806388
2,負傷,41,車両単独,3,雨,12,昼－昼,9-12時,5,木,0,20,2021,09,10,09,2021-09-09,10:20,1,一般市町村道,3700,7,交差点付近－その他,1,138.3073055,34.8553333
