name,address,緯度,経度
市役所本館,静岡県焼津市本町2-16-32,34.866918,138.323171
市役所本館,静岡県焼津市本町2-16-32,34.866918,138.323171
アトレ庁舎,静岡県焼津市本町5-6-1,34.863094,138.320351
消防防災センター,静岡県焼津市石津728-2,34.843061,138.309570
総合福祉会館,静岡県焼津市大覚寺3-2-2,34.875941,138.304625
アトレ庁舎,静岡県焼津市本町5-6-1,34.863594,138.320851
総合体育館,静岡県焼津市保福島1050,34.863392,138.281432
野球場,静岡県焼津市保福島950-1,34.864471,138.280055
陸上競技場,静岡県焼津市保福島950-2,34.864207,138.278065
市民体育館,静岡県焼津市焼津2-7-3,34.864243,138.3109994
ﾃﾞｨｽｶﾊﾞﾘｰﾊﾟｰｸ焼津水夢館,静岡県焼津市田尻2968-1,34.821132,138.330008
ﾃﾞｨｽｶﾊﾞﾘｰﾊﾟｰｸ焼津天文科学館,静岡県焼津市田尻2968-1,34.822781,138.331608
文化会館,静岡県焼津市三ケ名1550,34.864534,138.30517
焼津地域交流センター,静岡県焼津市本町5-6-1,34.863094,138.320351
小川地域交流センター,静岡県焼津市小川2724-1,34.848955,138.313030
和田地域交流センター,静岡県焼津市田尻1992-2,34.827262,138.321004
豊田地域交流センター,静岡県焼津市小屋敷258-1,34.863242,138.289353
東益津地域交流センター,静岡県焼津市石脇上65,34.886574,138.320079
大富地域交流センター,静岡県焼津市中根新田93-1,34.838281,138.298125
港地域交流センター,静岡県焼津市石津港町40-1,34.841163,138.326231
大村地域交流センター,静岡県焼津市大覚寺3-5-5,34.87412,138.300694
大井川地域交流センター,静岡県焼津市宗高900,34.803508,138.284117
サンライフ焼津,静岡県焼津市中港3-3-12,34.87382,138.325179
汐入下水処理場,静岡県焼津市小川3808,34.853035,138.323622
うみえ～る焼津,静岡県焼津市鰯ケ島136-26,34.856638,138.326714
給食センター,静岡県焼津市大島1746,34.8209,138.302756
大井川体育館,静岡県焼津市中島1183,34.796716,138.272562
大井川河川敷運動公園管理棟,静岡県焼津市西島538,34.795913,138.266456
大井川庁舎,静岡県焼津市宗高900,34.803777,138.284440
大井川図書館,静岡県焼津市宗高909-1,34.804156,138.285409
ターントクルこども館,静岡県焼津市栄町5-1-1,34.868517,138.320841
ターントクルこども館,静岡県焼津市栄町5-1-1,34.868517,138.320841
ターントクルこども館,静岡県焼津市栄町5-1-1,34.868517,138.320841
二区コミュニティ防災センター,静岡県焼津市本町5-9-1,34.861486,138.321491
利右衛門地区コミュニティ防災センター,静岡県焼津市利右衛門2559-2,34.786977,138.300285
浜当目コミュニティ防災センター,静岡県焼津市浜当目3-1-45,34.878969,138.331251
新屋コミュニティ防災センター,静岡県焼津市本町1-3-28,34.868402,138.322184
吉永地区コミュニティ防災センター,静岡県焼津市吉永1933-1,34.791222,138.304255
石津コミュニティ防災センター,静岡県焼津市石津1223-1,34.842865,138.316179
高新田地区コミュニティ防災センター,静岡県焼津市高新田1853-1,34.794162,138.307018
坂本コミュニティ防災センター,静岡県焼津市坂本971-5,34.892378,138.311428
高新田東地区コミュニティ防災センター,静岡県焼津市高新田2172-2,34.799799,138.309101
三区コミュニティ防災センター,静岡県焼津市本町2-13-18,34.865947,138.323232
小川第１３コミュニティ防災センター,静岡県焼津市小川3118,34.851264,138.320045
藤守地区コミュニティ防災センター,静岡県焼津市藤守2025,34.808218,138.317763
下小杉地区コミュニティ防災センター,静岡県焼津市下小杉537,34.812736,138.315582
四区コミュニティ防災センター,静岡県焼津市焼津6-10-17,34.865557,138.316966
第５コミュニティ防災センター,静岡県焼津市駅北5-1-24,34.875191,138.320387
元小浜集会所,静岡県焼津市小浜1012-1,34.89608,138.345732
小川新地コミュニティ防災センター,静岡県焼津市小川新町1-11-2,34.858643,138.321555
焼津市立大富幼稚園,静岡県焼津市中根新田638,34.833726,138.293823
焼津市立さつき幼稚園,静岡県焼津市大覚寺3-5-1,34.87347,138.300759
焼津市立大井川南幼稚園,静岡県焼津市吉永334-2,34.79602,138.290224
焼津市立大井川西幼稚園,静岡県焼津市下江留2300-1,34.814659,138.266378
焼津市立静浜幼稚園,静岡県焼津市宗高88,34.813786,138.28404
焼津市立静浜幼稚園下藤分園,静岡県焼津市下小杉1361,34.810879,138.307128
焼津市立旭町保育園,静岡県焼津市駅北3-17-10,34.876385,138.313924
焼津市立小川保育園,静岡県焼津市東小川4-21-11,34.85281,138.313567
焼津市立石津保育園,静岡県焼津市石津中町16-7,34.8414523,138.324597
焼津市立大井川保育園,静岡県焼津市下江留41,34.801729,138.284259
焼津市立焼津東小学校,静岡県焼津市栄町5-14-1,34.867948,138.318086
焼津市立焼津西小学校,静岡県焼津市塩津117-1,34.866007,138.310021
焼津市立焼津南小学校,静岡県焼津市焼津5-5-1,34.860989,138.3174
焼津市立豊田小学校,静岡県焼津市五ヶ堀之内2,34.863542,138.290448
焼津市立小川小学校,静岡県焼津市南小川2-3-5,34.849825,138.316116
焼津市立東益津小学校,静岡県焼津市石脇上65,34.886635,138.319812
焼津市立大富小学校,静岡県焼津市中根新田637,34.83414,138.294647
焼津市立和田小学校,静岡県焼津市田尻541,34.827566,138.320983
焼津市立港小学校,静岡県焼津市石津港町40-2,34.840782,138.327329
焼津市立黒石小学校,静岡県焼津市大住1246,34.850763,138.300659
焼津市立大井川東小学校,静岡県焼津市宗高428,34.807659,138.293027
焼津市立大井川西小学校,静岡県焼津市上泉1688-1,34.814747,138.264675
焼津市立大井川南小学校,静岡県焼津市吉永490,34.794534,138.294778
焼津市立焼津中学校,静岡県焼津市焼津2-10-28,34.864904,138.312027
焼津市立大村中学校,静岡県焼津市大村3-25-1,34.871831,138.304543
焼津市立豊田中学校,静岡県焼津市小土301-2,34.868084,138.293239
焼津市立小川中学校,静岡県焼津市東小川4-21-1,34.85307,138.31347
焼津市立東益津中学校,静岡県焼津市中里416,34.885208,138.318943
焼津市立大富中学校,静岡県焼津市中根1-1,34.839305,138.298341
焼津市立和田中学校,静岡県焼津市田尻1984,34.826462,138.320871
焼津市立港中学校,静岡県焼津市田尻北584,34.838391,138.330099
焼津市立大井川中学校,静岡県焼津市下江留191,34.801138,138.281576